ItemName,Id,Data,Display,Lore,Enchantments,MainHand_Armor,MainHand_ArmorToughness,MainHand_AttackSpeed,MainHand_Damage,MainHand_Health,MainHand_KnockbackResistance,MainHand_Luck,MainHand_MovementSpeed,OffHand_Armor,OffHand_ArmorToughness,OffHand_AttackSpeed,OffHand_Damage,OffHand_Health,OffHand_KnockbackResistance,OffHand_Luck,OffHand_MovementSpeed,Head_Armor,Head_ArmorToughness,Head_AttackSpeed,Head_Damage,Head_Health,Head_KnockbackResistance,Head_Luck,Head_MovementSpeed,Chest_Armor,Chest_ArmorToughness,Chest_AttackSpeed,Chest_Damage,Chest_Health,Chest_KnockbackResistance,Chest_Luck,Chest_MovementSpeed,Legs_Armor,Legs_ArmorToughness,Legs_AttackSpeed,Legs_Damage,Legs_Health,Legs_KnockbackResistance,Legs_Luck,Legs_MovementSpeed,Feet_Armor,Feet_ArmorToughness,Feet_AttackSpeed,Feet_Damage,Feet_Health,Feet_KnockbackResistance,Feet_Luck,Feet_MovementSpeed,Option_Unbreakable,Option_Color,Offhand_Damage
AdamDefenderofFaith,NETHERITE_SWORD,,&b&lDefender of Faith,"&b&o""You<&sq>ll never break my city or my people.""
&b&o-Queen Lunalai

&9Grants damage resistance

&9[Aishan]
&9[Melee, Sword]","DAMAGE_UNDEAD:17
DAMAGE_ARTHROPODS:27
DAMAGE_ALL:97
SWEEPING_EDGE:64
DURABILITY:73
LOOT_BONUS_MOBS:10",23.0,33.0,+30%,98.0,32.0,+25%,,+31%,,,,,,,,,,,,,,,,,,,,,,,,,,,,,,,,,,,,,,,,,,,
AdamSandsofTime,CLOCK,,&b&lSands of Time,"&b&oWhy waste time when you could control it?

&9Keeps you fed and healthy

&9[Angelic]
&9[Offhand, Trinket]",,,,,,,,,,31.0,32.0,+33%,15.0,15.0,+108%,,+32%,,,,,,,,,,,,,,,,,,,,,,,,,,,,,,,,,,,
AdamBubblingMass,POPPED_CHORUS_FRUIT,0.0,&b&lStrange Bubbling Mass,"&b&o&kaojdwunu                 ansfcklmonfduaw
&b&o&kaojdwunfcklma          onfduawaa
&b&o&kaojdwunuansfcklmao  nfdaw
&b&o&kaojdwunuans3         cddgsdgcklmaonfduaw
&b&o&kaojdwunua             nsfcklmduaw

&9[Ender]
&9[Offhand, Trinket]",,,,,,,,,,30.0,28.0,+24%,26.0,23.0,+54%,,+24%,,,,,,,,,,,,,,,,,,,,,,,,,,,,,,,,,,,
AdamHelmetNether,DIAMOND_HELMET,,&5&lHelm of the Firey Fall,"
&9[Nether]
&9[Armor, Helmet]","PROTECTION_ENVIRONMENTAL:62
THORNS:1
PROTECTION_FIRE:22
PROTECTION_PROJECTILE:28",,,,,,,,,,,,,,,,,60.0,61.0,+36%,19.0,-5.0,+9%,,-13%,,,,,,,,,,,,,,,,,,,,,,,,,True,,
AdamGownofHeavensGrace,DIAMOND_LEGGINGS,0.0,&b&lGown of Heaven<&sq>s Grace,"&b&oAwarded to the most loyal of all
&b&oHeaven<&sq>s angels.

&9[Angelic]
&9[Armor, Leggings]","THORNS:21
PROTECTION_PROJECTILE:28
PROTECTION_ENVIRONMENTAL:58
PROTECTION_FIRE:15",,,,,,,,,,,,,,,,,,,,,,,,,,,,,,,,,68.0,73.0,+4%,1.0,40.0,+29%,,+26%,,,,,,,,,True,,
AdamChestplateNether,DIAMOND_CHESTPLATE,,&5&lBurning Chestplate,"
&9[Nether]
&9[Armor, Chestplate]","PROTECTION_ENVIRONMENTAL:59
PROTECTION_FIRE:32
PROTECTION_PROJECTILE:11
THORNS:3",,,,,,,,,,,,,,,,,,,,,,,,,60.0,61.0,+21%,28.0,10.0,-11%,,+4%,,,,,,,,,,,,,,,,,True,,
AdamBootsNether,DIAMOND_BOOTS,,&5&lTreads of Searing Fire,"
&9[Nether]
&9[Armor, Boots]","PROTECTION_ENVIRONMENTAL:51
PROTECTION_FALL:9
PROTECTION_PROJECTILE:1
PROTECTION_FIRE:25",,,,,,,,,,,,,,,,,,,,,,,,,,,,,,,,,,,,,,,,,52.0,50.0,+5%,21.0,7.0,,,+27%,True,,
AdamStoneofJordan,DIAMOND,,&5&lStone of Jordan,"&5&oNot pretty enough to be a ring.

&9Grants regeneration

&9[Angelic]
&9[Offhand, Trinket]",,,,,,,,,,9.0,10.0,+18%,14.0,20.0,+16%,,+11%,,,,,,,,,,,,,,,,,,,,,,,,,,,,,,,,,,,
AJPrincesCoronet,NETHERITE_HELMET,,&b&lPrince<&sq>s Coronet,"&b&oThe peasants of Lothera dined on the dead.
&b&oThe royalty of Lothera dined on the peasants.

&9Grants night vision

&9[Undead]
&9[Armor, Helmet]","PROTECTION_ENVIRONMENTAL:54
PROTECTION_PROJECTILE:25
OXYGEN:1",,,,,,,,,,,,,,,,,57.0,60.0,+1%,,29.0,+25%,,-5%,,,,,,,,,,,,,,,,,,,,,,,,,True,,
AJChestplateUndead,DIAMOND_CHESTPLATE,,&5&lCreeping Chestplate,"
&9[Undead]
&9[Armor, Chestplate]
&9[1 Removal]","PROTECTION_ENVIRONMENTAL:52
PROTECTION_PROJECTILE:17
THORNS:6",,,,,,,,,,,,,,,,,,,,,,,,,56.0,58.0,-10%,18.0,18.0,-17%,,,,,,,,,,,,,,,,,,,True,,
AJBootsUndead,NETHERITE_BOOTS,,&5&lTreads of Decayed Flesh,"
&9[Undead]
&9[Armor, Boots]","PROTECTION_ENVIRONMENTAL:56
PROTECTION_FALL:15
DEPTH_STRIDER:1",,,,,,,,,,,,,,,,,,,,,,,,,,,,,,,,,,,,,,,,,47.0,64.0,+29%,15.0,31.0,,,-10%,True,,
AJSandsofTime,CLOCK,,&b&lSands of Time,"&b&oWhy waste time when you could control it?

&9Keeps you fed and healthy

&9[Angelic]
&9[Offhand, Trinket]",,,,,,,,,,39.0,41.0,+37%,72.0,11.0,+123%,,+30%,,,,,,,,,,,,,,,,,,,,,,,,,,,,,,,,,,,
AJSwordinStoneReborn,GOLDEN_SWORD,,&b&lSword in the Stone Reborn,"&b&oCoveted by many.

&9[Undead]
&9[Melee, Sword]
&9[2 Removals]","DAMAGE_ALL:65
DAMAGE_ARTHROPODS:21
FIRE_ASPECT:1
LOOT_BONUS_MOBS:3
DAMAGE_UNDEAD:20
SWEEPING_EDGE:31
DURABILITY:46",4.0,7.0,+18%,74.0,10.0,+14%,,+41%,,,,,,,,,,,,,,,,,,,,,,,,,,,,,,,,,,,,,,,,,True,,
AJBonesoftheLiving,NETHERITE_LEGGINGS,0.0,&b&lBones of the Living,"&b&oIt grows stronger for every fallen...

&9[Undead]
&9[Armor, Leggings]","PROTECTION_PROJECTILE:41
DURABILITY:64
PROTECTION_ENVIRONMENTAL:48
PROTECTION_FALL:4
PROTECTION_FIRE:18
MENDING:1",,,,,,,,,,,,,,,,,,,,,,,,,,,,,,,,,62.0,66.0,+13%,18.0,10.0,+2%,,+18%,,,,,,,,,,,
AJFleshOftheLiving,phantom_membrane,,&b&lFlesh of the Living,"&b&oFresh off their corpse.

&9Grants saturation

&9[Undead]
&9[Offhand, Trinket]
&9[1 Removal]",,,,,,,,,,31.0,4.0,+41%,29.0,8.0,+6%,,+32%,,,,,,,,,,,,,,,,,,,,,,,,,,,,,,,,,,,
CamHelmetAngelic,DIAMOND_HELMET,,&5&lHelm of Royalty,"
&9[Angelic]
&9[Armor, Helmet]
&9[1 Removal]","PROTECTION_ENVIRONMENTAL:65
THORNS:14
PROTECTION_PROJECTILE:20
PROTECTION_FIRE:4",,,,,,,,,,,,,,,,,64.0,67.0,+11%,6.0,35.0,+19%,,-10%,,,,,,,,,,,,,,,,,,,,,,,,,True,,
CamChestplateAngelic,DIAMOND_CHESTPLATE,,&5&lBrilliant Chestplate,"
&9[Angelic]
&9[Armor, Chestplate]
&9[1 Removal]","PROTECTION_ENVIRONMENTAL:72
THORNS:10
PROTECTION_FIRE:50",,,,,,,,,,,,,,,,,,,,,,,,,76.0,77.0,-5%,,47.0,,,,,,,,,,,,,,,,,,,,True,,
CamLeggingsAngelic,DIAMOND_LEGGINGS,,&5&lLeggings of the Radiant,"
&9[Angelic]
&9[Armor, Leggings]","PROTECTION_ENVIRONMENTAL:70
PROTECTION_FALL:7
PROTECTION_FIRE:27
PROTECTION_PROJECTILE:28
THORNS:17",,,,,,,,,,,,,,,,,,,,,,,,,,,,,,,,,67.0,68.0,-9%,7.0,30.0,+15%,,+19%,,,,,,,,,True,,
CamBootsAngelic,DIAMOND_BOOTS,,&5&lTreads of the Luminous,"
&9[Angelic]
&9[Armor, Boots]
&9[1 Removal]","PROTECTION_ENVIRONMENTAL:70
PROTECTION_PROJECTILE:5
PROTECTION_FALL:10
PROTECTION_FIRE:11
THORNS:14",,,,,,,,,,,,,,,,,,,,,,,,,,,,,,,,,,,,,,,,,61.0,73.0,+15%,,50.0,,,+7%,True,,
CamSandsofTime,CLOCK,,&b&lSands of Time,"&b&oWhy waste time when you could control it?

&9Keeps you fed and healthy

&9[Angelic]
&9[Offhand, Trinket]",,,,,,,,,,58.0,61.0,+44%,55.0,39.0,+100%,,+36%,,,,,,,,,,,,,,,,,,,,,,,,,,,,,,,,,,,
CamTheThrone,DIAMOND_SWORD,,&6&l&nThe Throne,"&6&o""You will rule over your kingdom of ruin.""
&6&o-Archangel Karellia

&9[Angelic]
&9[Melee, Sword]
&9[Offhand, Trinket]
&9[1 Removal]","DURABILITY:25
MENDING:1
DAMAGE_ALL:90
DAMAGE_UNDEAD:50
DAMAGE_ARTHROPODS:50
SWEEPING_EDGE:50",45.0,45.0,,90.0,,,,+20%,,,,,40.0,,,,,,,,,,,,,,,,,,,,,,,,,,,,,,,,,,,,,,
CamTheAvenger,NETHERITE_SWORD,,&b&lThe Avenger,"&b&o""You<&sq>ll pay for that Lunalai.""
&b&o-Archangel Karellia

&9[Angelic]
&9[Melee, Sword]
&9[1 Removal]","DAMAGE_ALL:91
DAMAGE_UNDEAD:33
DAMAGE_ARTHROPODS:34
SWEEPING_EDGE:64
DURABILITY:50
FIRE_ASPECT:11
MENDING:1",8.0,21.0,+21%,91.0,19.0,+50%,,+13%,,,,,,,,,,,,,,,,,,,,,,,,,,,,,,,,,,,,,,,,,,,
IanHelmetAishan,NETHERITE_HELMET,,&5&lHelm of the Streams,"
&9[Aishan]
&9[Armor, Helmet]","PROTECTION_ENVIRONMENTAL:55
PROTECTION_PROJECTILE:10
OXYGEN:5
WATER_WORKER:1",,,,,,,,,,,,,,,,,55.0,59.0,+10%,15.0,20.0,,,+11%,,,,,,,,,,,,,,,,,,,,,,,,,True,,
IanChestplateNether,NETHERITE_CHESTPLATE,,&5&lBurning Chestplate,"
&9[Nether]
&9[Armor, Chestplate]","PROTECTION_ENVIRONMENTAL:58
THORNS:5
PROTECTION_FIRE:22",,,,,,,,,,,,,,,,,,,,,,,,,58.0,61.0,+12%,27.0,,,,+12%,,,,,,,,,,,,,,,,,True,,
IanLeggingsNether,NETHERITE_LEGGINGS,,&5&lLeggings of the Burning Embers,"
&9[Nether]
&9[Armor, Leggings]","PROTECTION_ENVIRONMENTAL:56
PROTECTION_FIRE:22",,,,,,,,,,,,,,,,,,,,,,,,,,,,,,,,,53.0,54.0,+15%,26.0,25.0,,,+12%,,,,,,,,,True,,
IanBootsAishan,NETHERITE_BOOTS,,&5&lTreads of Blossoming Life,"
&9[Aishan]
&9[Armor, Boots]","PROTECTION_ENVIRONMENTAL:53
PROTECTION_FIRE:14
PROTECTION_PROJECTILE:12
PROTECTION_FALL:10",,,,,,,,,,,,,,,,,,,,,,,,,,,,,,,,,,,,,,,,,57.0,67.0,+10%,18.0,23.0,,,+10%,True,,
IanSandsofTime,CLOCK,,&b&lSands of Time,"&b&oWhy waste time when you could control it?

&9Keeps you fed and healthy

&9[Angelic]
&9[Offhand, Trinket]",,,,,,,,,,30.0,35.0,+39%,29.0,12.0,+122%,,+20%,,,,,,,,,,,,,,,,,,,,,,,,,,,,,,,,,,,
JimStoneofJordan,DIAMOND,,&5&lStone of Jordan,"&5&oNot pretty enough to be a ring.

&9Grants regeneration and resistance

&9[Angelic]
&9[Offhand, Trinket]",,,,,,,,,,48.0,60.0,+42%,29.0,29.0,+27%,,+40%,,,,,,,,,,,,,,,,,,,,,,,,,,,,,,,,,,,
JimChopper,BOW,0.0,&5&lChopper,"&5&oGet to it.

&9DO NOT SWAP TO OTHER ITEMS
&9WHILE FIRING! THEY WILL DELETE!

&9[Ender]
&9[Ranged, Bow]","ARROW_DAMAGE:69
DURABILITY:30
ARROW_INFINITE:1
ARROW_KNOCKBACK:2",5.0,5.0,,,,+25%,,+31%,,,+25%,15.0,,,,,,,,,,,,,,,,,,,,,,,,,,,,,,,,,,,,,,,
JimSandsofTime,CLOCK,,&b&lSands of Time,"&b&oWhy waste time when you could control it?

&9Keeps you fed and healthy
&9Grants resistance.

&9[Angelic]
&9[Offhand, Trinket]",,,,,,,,,,32.0,39.0,+44%,48.0,29.0,+122%,,+38%,,,,,,,,,,,,,,,,,,,,,,,,,,,,,,,,,,,
JimChestplateNether,NETHERITE_CHESTPLATE,,&5&lBurning Chestplate,"
&9[Nether]
&9[Armor, Chestplate]","PROTECTION_ENVIRONMENTAL:60
PROTECTION_FIRE:51",,,,,,,,,,,,,,,,,,,,,,,,,60.0,60.0,+10%,32.0,9.0,,,,,,,,,,,,,,,,,,,,True,,
JimLeggingsNether,NETHERITE_LEGGINGS,,&5&lLeggings of the Burning Embers,"
&9[Nether]
&9[Armor, Leggings]","PROTECTION_ENVIRONMENTAL:57
PROTECTION_FIRE:33
PROTECTION_PROJECTILE:20
THORNS:4",,,,,,,,,,,,,,,,,,,,,,,,,,,,,,,,,56.0,58.0,+6%,22.0,16.0,-9%,,+8%,,,,,,,,,True,,
JimHelmetNether,NETHERITE_HELMET,,&5&lHelm of the Firey Fall,"
&9[Nether]
&9[Armor, Helmet]
&9[1 Removal]","PROTECTION_ENVIRONMENTAL:62
OXYGEN:2
WATER_WORKER:1
PROTECTION_PROJECTILE:22
PROTECTION_FIRE:25",,,,,,,,,,,,,,,,,62.0,65.0,+33%,20.0,6.0,,,-19%,,,,,,,,,,,,,,,,,,,,,,,,,True,,
JimBootsNether,NETHERITE_BOOTS,,&5&lTreads of Searing Fire,"
&9[Nether]
&9[Armor, Boots]","PROTECTION_ENVIRONMENTAL:61
PROTECTION_FIRE:25
PROTECTION_FALL:12
PROTECTION_PROJECTILE:8
THORNS:7",,,,,,,,,,,,,,,,,,,,,,,,,,,,,,,,,,,,,,,,,67.0,58.0,+14%,13.0,7.0,,,+22%,True,,
PrisonVest,LEATHER_CHESTPLATE,,&5&lPrison Vest,"&5&oYou are C31.

&9[Nether]
&9[Armor, Chestplate]",PROTECTION_ENVIRONMENTAL:40,,,,,,,,,,,,,,,,,,,,,,,,,40.0,40.0,,30.0,-20.0,,,,,,,,,,,,,,,,,,,,True,"150,10,10",
EdgeofTomorrow,SHIELD,,&5&lEdge of Tomorrow,"
&9[Aishan]
&9[Offhand, Shield]",,,,,,,,,,55.0,55.0,+15%,15.0,15.0,+15%,,+15%,,,,,,,,,,,,,,,,,,,,,,,,,,,,,,,,,True,,
SinnersBane,IRON_SWORD,,&5&lSinner<&sq>s Bane,"&5&oYou will answer for your crimes.

&9[Angelic]
&9[Melee, Sword]","DURABILITY:20
DAMAGE_ALL:55
DAMAGE_UNDEAD:20
SWEEPING_EDGE:20",20.0,20.0,-25%,55.0,20.0,,,+20%,,,,,,,,,,,,,,,,,,,,,,,,,,,,,,,,,,,,,,,,,,,
SculptingClay,Clay_ball,,&5&lSculpting Clay,"&5&oReady to become something incredible.

&9[Aishan]
&9[Offhand, Trinket]",,,,,,,,,,25.0,25.0,+10%,15.0,15.0,+30%,,+10%,,,,,,,,,,,,,,,,,,,,,,,,,,,,,,,,,,,
GreenAxe2,IRON_AXE,,&2&lChopper<&sq>s Axe,"
&9[NONE]
&9[Melee, Axe]","DAMAGE_ALL:20
DURABILITY:10",,,-75%,20.0,5.0,,,,,,,,,,,,,,,,,,,,,,,,,,,,,,,,,,,,,,,,,,,,,,
GreenHelm2,IRON_HELMET,,&2&lHelm of Truth,"
&9[NONE]
&9[Armor, Helmet]","PROTECTION_ENVIRONMENTAL:12
DURABILITY:15",,,,,,,,,,,,,,,,,10.0,10.0,,-4.0,8.0,+5%,,,,,,,,,,,,,,,,,,,,,,,,,,,,,
GreenChest2,IRON_CHESTPLATE,,&2&lChestplate of Faith,"
&9[NONE]
&9[Armor, Chestplate]","PROTECTION_ENVIRONMENTAL:20
DURABILITY:10",,,,,,,,,,,,,,,,,,,,,,,,,14.0,14.0,,,6.0,+10%,,,,,,,,,,,,,,,,,,,,,
GreenLeggings2,IRON_LEGGINGS,,&2&lLeggings of Resilience,"
&9[NONE]
&9[Armor, Leggings]","PROTECTION_ENVIRONMENTAL:15
DURABILITY:15",,,,,,,,,,,,,,,,,,,,,,,,,,,,,,,,,12.0,12.0,,,12.0,,,,,,,,,,,,,,
GreenBoots2,IRON_BOOTS,,&2&lBoots of the Mountain Climber,"
&9[NONE]
&9[Armor, Boots]","PROTECTION_ENVIRONMENTAL:10
PROTECTION_FALL:10
DURABILITY:15",,,,,,,,,,,,,,,,,,,,,,,,,,,,,,,,,,,,,,,,,10.0,10.0,,,,-15%,,+15%,,,
GreenSword2,IRON_SWORD,,&2&lHardened Blade,"
&9[NONE]
&9[Melee, Sword]","DAMAGE_ALL:20
DURABILITY:15",-2.0,-2.0,+10%,20.0,,,,,,,,,,,,,,,,,,,,,,,,,,,,,,,,,,,,,,,,,,,,,,,
ReapandSowPurple,IRON_SWORD,0.0,&5&lReap and Sow,"
&9Heals you over time.

&9[Aishan]
&9[Melee, Sword]","DURABILITY:15
DAMAGE_ALL:15
DAMAGE_UNDEAD:12
SWEEPING_EDGE:10",10.0,10.0,-25%,15.0,12.0,,,+10%,,,,,,,,,,,,,,,,,,,,,,,,,,,,,,,,,,,,,,,,,,,
Gateway,SHIELD,,&5&lGateway,"&5&oThink before you enter.

&9[Nether]
&9[Offhand, Shield]",DURABILITY:30,,,,,,,,,-10.0,-10.0,+25%,35.0,20.0,,,+10%,,,,,,,,,,,,,,,,,,,,,,,,,,,,,,,,,,,
BlueHelm2,DIAMOND_HELMET,,&1&lDisciple<&sq>s Hood,"
&9[NONE]
&9[Armor, Helmet]","PROTECTION_ENVIRONMENTAL:22
DURABILITY:22",,,,,,,,,,,,,,,,,22.0,24.0,,10.0,10.0,+10%,,,,,,,,,,,,,,,,,,,,,,,,,,,,,
PrisonerBrand,BOW,0.0,&5&lPrisoner Brand,"&5&oThey are all marked forever.

&9[Nether]
&9[Ranged, Bow]","ARROW_DAMAGE:60
ARROW_FIRE:15
DURABILITY:35",,30.0,,,-15.0,+25%,,+15%,,,,,,,,,,,,,,,,,,,,,,,,,,,,,,,,,,,,,,,,,,,
DrapesoftheLight,DIAMOND_LEGGINGS,0.0,&5&lDrapes of the Light,"&5&oShow me your inner light.

&9[Angelic]
&9[Armor, Leggings]","PROTECTION_ENVIRONMENTAL:35
MENDING:1",,,,,,,,,,,,,,,,,,,,,,,,,,,,,,,,,24.0,24.0,-15%,5.0,15.0,,,+5%,,,,,,,,,,,
Merinax,Netherite_Sword,,"&5&lMerinax, the Fire Stoker","&5&oStand close and get burned.

&9Grants fire resistance

&9[Nether]
&9[Melee, Sword]","DURABILITY:20
DAMAGE_ALL:65
SWEEPING_EDGE:20
FIRE_ASPECT:20",-10.0,-10.0,+10%,65.0,-10.0,,,+15%,,,,,,,,,,,,,,,,,,,,,,,,,,,,,,,,,,,,,,,,,,,
TwistedTorture,NETHERITE_SWORD,,&5&lTwisted Torture,"&5&oYour screams are beautiful.

&9[Nether]
&9[Melee, Sword]","DURABILITY:25
DAMAGE_ALL:60
SWEEPING_EDGE:20
FIRE_ASPECT:10",-10.0,10.0,,60.0,-10.0,,,+10%,,,,,,,,,,,,,,,,,,,,,,,,,,,,,,,,,,,,,,,,,,,
PhadraBladeofReflection,NETHERITE_SWORD,,"&5&lPhadra, Blade of Reflection","&5&oSee what I see.

&9[Aishan]
&9[Melee, Sword]","DURABILITY:25
DAMAGE_ALL:45
DAMAGE_UNDEAD:10
DAMAGE_ARTHROPODS:10
SWEEPING_EDGE:20",-10.0,10.0,,40.0,-5.0,,,+10%,,,,,,,,,,,,,,,,,,,,,,,,,,,,,,,,,,,,,,,,,,,
DrapesoftheVeil,DIAMOND_LEGGINGS,0.0,&5&lDrapes of the Veil,"&5&oTheir silhouette is on all worlds.

&9[Ender]
&9[Armor, Leggings]","DURABILITY:20
PROTECTION_ENVIRONMENTAL:25",,,,,,,,,,,,,,,,,,,,,,,,,,,,,,,,,,,,,,,,,24.0,12.0,-25%,10.0,10.0,,,+15%,,,
BlackCrown,Leather_Helmet,0.0,&5&lBlack Crown,"&5&oIt is easy to see the darkness from here.

&9Grants resistance

&9[Ender]
&9[Armor, Helmet]",PROTECTION_ENVIRONMENTAL:50,,,,,,,,,,,,,,,,,,,,,,,,,,,,,,,,,,,,,,,,,40.0,40.0,,,,,,,True,"10,10,10",
DarknessSteps,DIAMOND_BOOTS,0.0,&5&lDarkness Steps,"&5&oOnce in, never out.

&9[Ender]
&9[Armor, Boots]","DURABILITY:20
PROTECTION_FALL:20
PROTECTION_ENVIRONMENTAL:20",,,,,,,,,,,,,,,,,,,,,,,,,,,,,,,,,,,,,,,,,10.0,50.0,,10.0,,,,+15%,,,
TreadsoftheLight,DIAMOND_BOOTS,0.0,&5&lTreads of the Light,"&5&oShow me your faith.

&9[Angelic]
&9[Armor, Boots]","DURABILITY:45
PROTECTION_FALL:10
PROTECTION_ENVIRONMENTAL:30
PROTECTION_FIRE:30",,,,,,,,,,,,,,,,,,,,,,,,,,,,,,,,,,,,,,,,,35.0,35.0,,,15.0,,,+20%,,,
PrismarineBreastplateBlue,DIAMOND_CHESTPLATE,0.0,&1&lPrismarine Breastplate,"
&9[Aishan]
&9[Armor, Chestplate]","PROTECTION_FIRE:20
DURABILITY:10
PROTECTION_ENVIRONMENTAL:20",,,,,,,,,,,,,,,,,,,,,,,,,22.0,22.0,,,12.0,,,,,,,,,,,,,,,,,,,,,,
BlueBoots2,DIAMOND_BOOTS,,&1&lDisciple<&sq>s Boots,"
&9[NONE]
&9[Armor, Boots]","PROTECTION_ENVIRONMENTAL:25
PROTECTION_FALL:8
DURABILITY:25",,,,,,,,,,,,,,,,,,,,,,,,,,,,,,,,,,,,,,,,,20.0,22.0,,,12.0,-25%,,-10%,,,
OvergrownBreastplate,DIAMOND_CHESTPLATE,0.0,&5&lOvergrown Breastplate,"
&9[Aishan]
&9[Armor, Chestplate]",PROTECTION_ENVIRONMENTAL:30,,,,,,,,,,,,,,,,,,,,,,,,,30.0,30.0,,,20.0,,,+10%,,,,,,,,,,,,,,,,,True,,
PrismarineBreastplatePurple,DIAMOND_CHESTPLATE,0.0,&5&lPrismarine Breastplate,"
&9[Aishan]
&9[Armor, Chestplate]","PROTECTION_FIRE:25
DURABILITY:12
PROTECTION_ENVIRONMENTAL:25",,,,,,,,,,,,,,,,,,,,,,,,,25.0,25.0,,5.0,15.0,,,,,,,,,,,,,,,,,,,,,,
BoneMarrowPurple,Bone_meal,,&5&lBone Marrow,"&5&oIt<&sq>s good for you!

&9Grants slow fall and night vision

&9[Angelic]
&9[Offhand, Trinket]",,,,,,,,,,,,+25%,,24.0,,,+25%,,,,,,,,,,,,,,,,,,,,,,,,,,,,,,,,,,,
BoilerRoomBritches,NETHERITE_LEGGINGS,0.0,&5&lBoiler Room Britches,"&5&oStay away from the heat.

&9[Nether]
&9[Armor, Leggings]","DURABILITY:25
PROTECTION_ENVIRONMENTAL:25
PROTECTION_FIRE:20",,,,,,,,,,,,,,,,,,,,,,,,,,,,,,,,,30.0,35.0,,12.0,-10.0,+25%,,+15%,,,,,,,,,,,
ExterminatorPurple,DIAMOND_SWORD,,&5&lExterminator,"&5&oBUGS!!!

&9[NONE]
&9[Melee, Sword]","DAMAGE_ARTHROPODS:30
SWEEPING_EDGE:20
DURABILITY:20",,,+12%,22.0,,,,,,,+12%,22.0,,,,,,,,,,,,,,,,,,,,,,,,,,,,,,,,,,,,,,,
Pallion,BOW,,&5&lPallion,"
&9[Ender]
&9[Ranged, Bow]","ARROW_DAMAGE:33
DURABILITY:15",-5.0,-5.0,,,,,,+20%,,,,,,,,,,,,,,,,,,,,,,,,,,,,,,,,,,,,,,,,,,,
HeavensWail,BOW,0.0,&5&lHeaven<&sq>s Wail,"&5&oSend them to Hell.

&9[Angelic]
&9[Ranged, Bow]","ARROW_DAMAGE:70
DURABILITY:40
ARROW_FIRE:10
ARROW_KNOCKBACK:2",20.0,20.0,,,20.0,,,+20%,,,,,,,,,,,,,,,,,,,,,,,,,,,,,,,,,,,,,,,,,,,
Quantum,BOW,0.0,&5&lQuantum,"&5&oEverywhere at once.

&9[Ender]
&9[Ranged, Bow]","ARROW_DAMAGE:65
DURABILITY:40
ARROW_INFINITE:1",,,,,,+50%,,+20%,,,,,,,,,,,,,,,,,,,,,,,,,,,,,,,,,,,,,,,,,,,
VanguardBow,BOW,,&5&lVanguard Bow,"
&9[Undead]
&9[Ranged, Bow]","ARROW_DAMAGE:80
DURABILITY:15",,,,,15.0,,,+15%,,,,,,,,,,,,,,,,,,,,,,,,,,,,,,,,,,,,,,,,,,,
TheRecurve,BOW,,&1&lThe Recurve,"
&9[Ender]
&9[Ranged, Bow]","ARROW_DAMAGE:25
DURABILITY:15",8.0,8.0,,,,,,,,,,,,,,,,,,,,,,,,,,,,,,,,,,,,,,,,,,,,,,,,,
SapphireHelm,DIAMOND_HELMET,,&5&lSapphire Helm,"&5&oShe<&sq>s beautiful...

&9[Ender]
&9[Armor, Helmet]","PROTECTION_ENVIRONMENTAL:30
DURABILITY:25",,,,,,,,,,,,,,,,,20.0,20.0,+10%,,-10.0,-25%,,+10%,,,,,,,,,,,,,,,,,,,,,,,,,,,
FurnaceCore,NETHER_STAR,,&5&lFurnace Core,"&5&oIt pulsates quietly in the burning
&5&oheart of the Citadel.

&9[Nether]
&9[Offhand, Trinket]",,,,,,,,,,10.0,10.0,+25%,20.0,-10.0,-10%,,,,,,,,,,,,,,,,,,,,,,,,,,,,,,,,,,,,,
CelliaGardenGuardian,DIAMOND_SWORD,,"&5&lCellia, Garden Guardian","&5&oShe protected it with her life.

&9Grants regeneration

&9[Aishan]
&9[Melee, Sword]","DAMAGE_ALL:60
DAMAGE_ARTHROPODS:20
SWEEPING_EDGE:15
DURABILITY:20",,,+15%,60.0,10.0,,,+10%,,,,,,,,,,,,,,,,,,,,,,,,,,,,,,,,,,,,,,,,,,,
ToriLostLove,DIAMOND_SWORD,,"&5&lTori, the Lost Love","&5&oShe was mine. Now she is yours.

&9[Nether]
&9[Melee, Axe]","DAMAGE_ALL:50
DAMAGE_UNDEAD:15
DAMAGE_ARTHROPODS:15
DURABILITY:18",,,+5%,30.0,-10.0,,,+5%,,,,,,,,,,,,,,,,,,,,,,,,,,,,,,,,,,,,,,,,,,,
Torvalon,Diamond_Pickaxe,,&5&lTorvalon,"&5&oShe is the hammer of the people.

&9[Aishan]
&9[Melee, Pickaxe]","DURABILITY:30
DAMAGE_ALL:45",-10.0,-10.0,,35.0,30.0,,,,,,,,,,,,,,,,,,,,,,,,,,,,,,,,,,,,,,,,,,,,,,
NethersCaretaker,NETHERITE_SWORD,,&5&lNether<&sq>s Caretaker,"&5&oYou can<&sq>t rule over the Nether without
&5&oa little tyranny.

&9[Nether]
&9[Melee, Sword]","DAMAGE_ALL:60
DURABILITY:30
SWEEPING_EDGE:30
FIRE_ASPECT:20",10.0,-20.0,+5%,60.0,,,,+10%,,,,50.0,,,,,,,,,,,,,,,,,,,,,,,,,,,,,,,,,,,,,,,
SkyGrazer,DIAMOND_SWORD,,&5&lSky Grazer,"&5&oEndless skies and a thousand eyes.

&9[Ender]
&9[Melee, Sword]","DAMAGE_ALL:55
DURABILITY:22
SWEEPING_EDGE:20",20.0,-20.0,-25%,55.0,,+10%,,+10%,,,,,,,,,,,,,,,,,,,,,,,,,,,,,,,,,,,,,,,,,,,
TheTerrorizer,DIAMOND_AXE,,&5&lThe Terrorizer,"&5&oKneel in my shadow...

&9[Nether]
&9[Melee, Axe]","DAMAGE_ALL:60
DURABILITY:15
FIRE_ASPECT:15",,,-25%,60.0,,,,,,,,,,,,,,,,,,,,,,,,,,,,,,,,,,,,,,,,,,,,,,,
RubyBoots,NETHERITE_BOOTS,,&5&lRuby Boots,"&5&oLined in blood.

&9[Angelic]
&9[Armor, Boots]","PROTECTION_ENVIRONMENTAL:40
THORNS:20",,,,,,,,,,,,,,,,,,,,,,,,,,,,,,,,,,,,,,,,,40.0,40.0,-10%,-20.0,25.0,,,,True,,
PeridotLeggings,DIAMOND_LEGGINGS,,&5&lPeridot Leggings,"
&9[Angelic]
&9[Armor, Leggings]","PROTECTION_ENVIRONMENTAL:45
THORNS:25",,,,,,,,,,,,,,,,,,,,,,,,,,,,,,,,,48.0,48.0,-10%,,20.0,,,-10%,,,,,,,,,True,,
WaterwayBoots,DIAMOND_BOOTS,,&5&lBoots of the Waterways,"
&9Grants dolphin<&sq>s grace and conduit power

&9[Aishan]
&9[Armor, Boots]","PROTECTION_ENVIRONMENTAL:25
DEPTH_STRIDER:10
DURABILITY:16",,,,,,,,,,,,,,,,,,,,,,,,,,,,,,,,,,,,,,,,,15.0,30.0,,,10.0,,,+10%,,,
Tellanon,Diamond_Sword,,&5&lTellanon,"&5&oShe is the sword of the people.

&9[Aishan]
&9[Melee, Sword]","DURABILITY:25
DAMAGE_ALL:65
DAMAGE_UNDEAD:15
DAMAGE_ARTHROPODS:15",,25.0,,65.0,15.0,,,-10%,,,,,,,,,,,,,,,,,,,,,,,,,,,,,,,,,,,,,,,,,,,
DarknessIncarnate,DIAMOND_SWORD,,&5&lDarkness Incarnate,"&5&oDisappear into its blade.

&9[Ender]
&9[Melee, Sword]","DURABILITY:20
DAMAGE_ALL:30
SWEEPING_EDGE:10",,,,,,,,,10.0,10.0,,35.0,,,,+10%,,,,,,,,,,,,,,,,,,,,,,,,,,,,,,,,,,,
TouchoftheVoid,BLACK_DYE,,&5&lTouch of the Void,"&5&oIt spreads beyond its world.

&9[Ender]
&9[Offhand, Trinket]",,,,,,,,,,30.0,30.0,,50.0,-25.0,+25%,,-15%,,,,,,,,,,,,,,,,,,,,,,,,,,,,,,,,,,,
DirectiontoOtherWorlds,COMPASS,,&5&lDirection to Other Worlds,"&5&oIt points somewhere...

&9[Ender]
&9[Offhand, Trinket]",,,,,,,,,,25.0,25.0,+15%,50.0,,,,-15%,,,,,,,,,,,,,,,,,,,,,,,,,,,,,,,,,,,
FurnaceGuardBoots,NETHERITE_BOOTS,0.0,&5&lBoots of the Furnace Guards,"&5&oThe Great Furnace never smolders...

&9[Nether]
&9[Armor, Boots]","DURABILITY:15
PROTECTION_ENVIRONMENTAL:25
PROTECTION_FIRE:20",,,,,,,,,,,,,,,,,,,,,,,,,,,,,,,,,,,,,,,,,28.0,28.0,,20.0,-15.0,,,,,,
CrownofElite,DIAMOND_HELMET,0.0,&5&lCrown of the Elite,"&5&oFits like a charm.

&9[Undead]
&9[Armor, Helmet]","DURABILITY:15
PROTECTION_ENVIRONMENTAL:45
PROTECTION_PROJECTILE:10",,,,,,,,,,,,,,,,,,,,,,,,,,,,,,,,,,,,,,,,,40.0,40.0,,-20.0,30.0,,,,,,
LotheraMageDress,DIAMOND_LEGGINGS,0.0,&5&lLothera Mage Dress,"&5&oPOWER!

&9[Undead]
&9[Armor, Leggings]","DURABILITY:15
PROTECTION_ENVIRONMENTAL:45",,,,,,,,,,,,,,,,,,,,,,,,,,,,,,,,,,,,,,,,,30.0,40.0,,30.0,-20.0,,,,,,
LotheraGuardBoots,DIAMOND_BOOTS,0.0,&5&lLothera Guard Boots,"
&9[Undead]
&9[Armor, Boots]","DURABILITY:15
PROTECTION_ENVIRONMENTAL:45
PROTECTION_PROJECTILE:20",,,,,,,,,,,,,,,,,,,,,,,,,,,,,,,,,,,,,,,,,45.0,,,,-20.0,,,,,,
WatchmanBow,BOW,0.0,&5&lWatchman<&sq>s Bow,"
&9[NONE]
&9[Ranged, Bow]","ARROW_DAMAGE:55
DURABILITY:10",25.0,25.0,,,,,,+15%,,,,,,,,,,,,,,,,,,,,,,,,,,,,,,,,,,,,,,,,,,,
CellBlockEKey,Stick,,&5&lCell Block E Key,"&5&oThe worst block in the whole world.

&9[Nether]
&9[Offhand, Trinket]",,,,,,,,,,16.0,16.0,,30.0,-15.0,+30%,,+15%,,,,,,,,,,,,,,,,,,,,,,,,,,,,,,,,,,,
RoaringFire,Blaze_Powder,,&5&lRoaring Fire,"&5&o""Put him in the incinerator
&5&owith the rest of the trash.""
&5&o-The Warden

&9[Nether]
&9[Offhand, Trinket]",FIRE_ASPECT:25,7.0,,+25%,12.0,,+10%,,+10%,10.0,,,17.0,,+20%,,+15%,,,,,,,,,,,,,,,,,,,,,,,,,,,,,,,,,,,
AngelDust,glowstone_dust,,&5&lAngel Dust,"&5&oWith the blessing from his grace...

&9[Angelic]
&9[Offhand, Trinket]",,,,,,,,,,27.0,27.0,,-15.0,27.0,+27%,,+27%,,,,,,,,,,,,,,,,,,,,,,,,,,,,,,,,,,,
AngelDustBlue,glowstone_dust,,&1&lAngel Dust,"&1&oWith the blessing from his grace...

&9[Angelic]
&9[Offhand, Trinket]",,,,,,,,,,24.0,24.0,,-12.0,24.0,+24%,,+24%,,,,,,,,,,,,,,,,,,,,,,,,,,,,,,,,,,,
TheHammer,DIAMOND_AXE,0.0,&1&lThe Hammer,"&1&oTake me to pound town.

&9[NONE]
&9[Melee, Axe]","DURABILITY:15
DAMAGE_ALL:25
DAMAGE_ARTHROPODS:15",,,-25%,15.0,,,,+10%,,,,,,,,,,,,,,,,,,,,,,,,,,,,,,,,,,,,,,,,,,,
Punishment,BOW,,&5&lPunishment,"&5&oIf I told you to kill yourself, would you?

&9[Nether]
&9[Ranged, Bow]",ARROW_DAMAGE:55,15.0,15.0,,,,,,,,,,,,,,,,,,,,,,,,,,,,,,,,,,,,,,,,,,,,,,,,,
RagingStorm,Diamond_Sword,,&5&lThe Raging Storm,"&5&oI am a force of nature.

&9[Aishan]
&9[Melee, Sword]","DURABILITY:20
DAMAGE_ALL:40
SWEEPING_EDGE:20",,,+25%,40.0,,,,+25%,,,,,,,,,,,,,,,,,,,,,,,,,,,,,,,,,,,,,,,,,,,
ColorstormPurple,light_blue_dye,,&5&lColorstorm,"&5&oWeeeeeeeee

&9[Aishan]
&9[Offhand, Trinket]",,,,,,,,,,5.0,,+30%,5.0,15.0,,,+30%,,,,,,,,,,,,,,,,,,,,,,,,,,,,,,,,,,,
SeedsofLife,beetroot_seeds,,&5&lSeeds of Life,"&5&oThey are the start of something beautiful.

&9[Aishan]
&9[Offhand, Trinket]",,,,,,,,,,10.0,,+10%,10.0,10.0,,,+10%,,,,,,,,,,,,,,,,,,,,,,,,,,,,,,,,,,,
ToughHide,leather,,&5&lTough Hide,"&5&oAs rough as it is tough.

&9[Aishan]
&9[Offhand, Trinket]",,,,,,,,,,40.0,40.0,,,,,,,,,,,,,,,,,,,,,,,,,,,,,,,,,,,,,,,,,
Colorstorm,Yellow_dye,,&1&lColorstorm,"&1&oWeeeeeeeee

&9[Aishan]
&9[Offhand, Trinket]",,,,,,,,,,,,+30%,,8.0,,,+30%,,,,,,,,,,,,,,,,,,,,,,,,,,,,,,,,,,,
Winterchill,Diamond_Sword,,&5&lWinterchill,"&5&oWinter has come...

&9[Undead]
&9[Melee, Sword]","DURABILITY:25
DAMAGE_ALL:55
SWEEPING_EDGE:25",-20.0,,+10%,55.0,,,,+10%,,,,,,,,,,,,,,,,,,,,,,,,,,,,,,,,,,,,,,,,,,,
Frostbite,Diamond_Sword,,&5&lFrostbite,"&5&oDon<&sq>t come near me

&9Enemies are slowed when hit

&9[Aishan]
&9[Melee, Sword]","DURABILITY:20
DAMAGE_ALL:50
SWEEPING_EDGE:15",-6.0,-6.0,+10%,50.0,-6.0,,,+10%,,,,,,,,,,,,,,,,,,,,,,,,,,,,,,,,,,,,,,,,,,,
WardensBanner,SHIELD,,&5&lWarden<&sq>s Banner,"&5&oDon<&sq>t get caught.

&9[Nether]
&9[Offhand, Shield]",DURABILITY:50,,,,,,,,,50.0,50.0,-15%,40.0,,,,,,,,,,,,,,,,,,,,,,,,,,,,,,,,,,,,,True,,
TheMonarch,SHIELD,,&5&lThe Monarch,"&5&oHer beauty is unbound.

&9[Angelic]
&9[Offhand, Shield]",,,,,,,,,,40.0,40.0,,-10.0,30.0,,,+10%,,,,,,,,,,,,,,,,,,,,,,,,,,,,,,,,,True,,
LinkedBoots,Chainmail_Boots,,&1&lLinked Boots,"
&9[Undead]
&9[Armor, Boots]","PROTECTION_ENVIRONMENTAL:15
DURABILITY:25",,,,,,,,,,,,,,,,,,,,,,,,,,,,,,,,,,,,,,,,,,25.0,,15.0,-10.0,,,+15%,,,
ForgedLeggings,Chainmail_Leggings,,&1&lForged Leggings,"
&9[NONE]
&9[Armor, Leggings]","PROTECTION_ENVIRONMENTAL:11
DURABILITY:19
PROTECTION_PROJECTILE:11",,,,,,,,,,,,,,,,,,,,,,,,,,,,,,,,,10.0,10.0,,8.0,,+25%,,+10%,,,,,,,,,,,
GuardPlate,CHAINMAIL_CHESTPLATE,0.0,&1&lGuard<&sq>s Platemail,"
&9[NONE]
&9[Armor, Chestplate]","DURABILITY:25
PROTECTION_ENVIRONMENTAL:15
THORNS:5
PROTECTION_PROJECTILE:10",,,,,,,,,,,,,,,,,,,,,,,,,20.0,15.0,,,5.0,,,,,,,,,,,,,,,,,,,,,,
GuardHelm,CHAINMAIL_HELMET,0.0,&1&lGuard<&sq>s Platemail,"
&9[NONE]
&9[Armor, Boots]","DURABILITY:25
PROTECTION_ENVIRONMENTAL:15
THORNS:5",,,,,,,,,,,,,,,,,15.0,15.0,,5.0,,,,+5%,,,,,,,,,,,,,,,,,,,,,,,,,,,
DressPious,DIAMOND_LEGGINGS,,&5&lDress of the Pious,"&5&oThe clean and holy are rewarded.

&9[Angelic]
&9[Armor, Leggings]","PROTECTION_ENVIRONMENTAL:25
THORNS:20
DURABILITY:20",,,,,,,,,,,,,,,,,,,,,,,,,,,,,,,,,20.0,20.0,,-5.0,20.0,+50%,,,,,,,,,,,,,
SharpeningStone,Flint,,&5&lSharpening Stone,"&5&oHow much is too much?

&9[Nether]
&9[Offhand, Trinket]",,,,,,,,,,-10.0,-10.0,,35.0,-10.0,,,+10%,,,,,,,,,,,,,,,,,,,,,,,,,,,,,,,,,,,
TheCopperConundrum,Copper_Ingot,,&5&lThe Copper Conundrum,"&5&oIt has an ideal thermal equilibrium!

&9[Aishan]
&9[Offhand, Trinket]",,,,,,,,,,10.0,10.0,+10%,10.0,10.0,+10%,,+10%,,,,,,,,,,,,,,,,,,,,,,,,,,,,,,,,,,,
DivineCrown,Raw_Gold,,&5&lThe Divine Crown,"&5&oWith all my heart, you will be
&5&omy chosen of destiny and holy light.

&9[Angelic]
&9[Offhand, Trinket]",,,,,,,,,,30.0,36.0,,,16.0,-20%,,+20%,,,,,,,,,,,,,,,,,,,,,,,,,,,,,,,,,,,
KillerInstinct,NETHERITE_SWORD,,&5&lKiller Instinct,"&5&oDown with the dead.

&9[Angelic]
&9[Melee, Sword]","DURABILITY:20
DAMAGE_ALL:50
SWEEPING_EDGE:20",20.0,,,50.0,20.0,,,+15%,,,,,,,,,,,,,,,,,,,,,,,,,,,,,,,,,,,,,,,,,,,
KingSlayer,DIAMOND_SWORD,,&5&lKing Slayer,"&5&oYour throne is now mine.

&9[Undead]
&9[Melee, Sword]","DURABILITY:20
DAMAGE_ALL:45
DAMAGE_UNDEAD:20
SWEEPING_EDGE:20",,,-25%,55.0,10.0,,,+10%,,,,,,,,,,,,,,,,,,,,,,,,,,,,,,,,,,,,,,,,,,,
CherubimsSong,glistering_melon_slice,,&5&lCherubim<&sq>s Song,"&5&oIt is too beautiful to understand...

&9[Angelic]
&9[Melee, ALL]
&9[Offhand, ALL]","DAMAGE_UNDEAD:35
FIRE_ASPECT:30",30.0,30.0,+15%,,30.0,,,+15%,,,,,,,,,,,,,,,,,,,,,,,,,,,,,,,,,,,,,,,,,,,
WrathoftheThrone,IRON_SWORD,,&5&lWrath of the Throne,"&5&oYou<&sq>ll never see me again...

&9[Angelic]
&9[Melee, Sword]","DURABILITY:30
DAMAGE_ALL:60
DAMAGE_UNDEAD:15
SWEEPING_EDGE:30
FIRE_ASPECT:10",,,-35%,60.0,,,,+10%,,,,,,,,,,,,,,,,,,,,,,,,,,,,,,,,,,,,,,,,,,,
KingsAdornment,Diamond_Helmet,,&5&lKing<&sq>s Adornment,"&5&oYour grace.

&9[Angelic]
&9[Armor, Helmet]","DURABILITY:15
PROTECTION_ENVIRONMENTAL:30
PROTECTION_PROJECTILE:10
PROTECTION_FIRE:10
THORNS:10",,,,,,,,,,,,,,,,,30.0,30.0,,,15.0,,,,,,,,,,,,,,,,,,,,,,,,,,,,,,
ExtraCrunchySpiderEye,Fermented_Spider_Eye,,&5&lExtra Crunchy Spider Eye,"&5&oIt tastes funny...

&9Poisons enemies you hit

&9[Undead]
&9[Offhand, Trinket]",,,,+20%,,,,,+20%,,20.0,+10%,20.0,-10.0,,,+10%,,,,,,,,,,,,,,,,,,,,,,,,,,,,,,,,,,,
TideofWinter,SHIELD,,&5&lTide of Winter,"&5&oIt<&sq>s easy to get lost in the snow.

&9[Undead]
&9[Offhand, Shield]",DURABILITY:25,,,,,,,,,30.0,30.0,,15.0,,+50%,,-25%,,,,,,,,,,,,,,,,,,,,,,,,,,,,,,,,,,,
LostPaw,Rabbit_Foot,,&5&lLost Paw,"
&9Grants jump boost

&9[Undead]
&9[Offhand, Trinket]",,,,,,,,,,,,,40.0,,,,+20%,,,,,,,,,,,,,,,,,,,,,,,,,,,,,,,,,,,
DepthofDarkness,SHIELD,,&5&lThe Depth of Darkness,"&5&oStare into the abyss, and
&5&othe abyss will stare back.

&9[Ender]
&9[Offhand, Shield]",DURABILITY:25,,,,,,,,,18.0,18.0,,15.0,-5.0,,,,,,,,,,,,,,,,,,,,,,,,,,,,,,,,,,,,,,
SignetoftheAngels,gold_nugget,,&5&lSignet of the Angels,"
&9[Angelic]
&9[Offhand, Trinket]",,,,,,,,,,33.0,33.0,,,33.0,,,+33%,,,,,,,,,,,,,,,,,,,,,,,,,,,,,,,,,,,
GoldenRod,Blaze_rod,,&5&lThe Golden Rod,"
&9[Angelic]
&9[Offhand, Trinket]",,,,,,,,,,,,+25%,,25.0,,,+25%,,,,,,,,,,,,,,,,,,,,,,,,,,,,,,,,,,,
HoneycombBlue,Honeycomb,,&1&lThe Queen<&sq>s Wax,"&1&oThe bees of Aisha are hard workers.

&9[Aishan]
&9[Offhand, Trinket]",,,,,,,,,,,,+10%,10.0,10.0,,,+10%,,,,,,,,,,,,,,,,,,,,,,,,,,,,,,,,,,,
Honeycomb,Honeycomb,,&5&lThe Queen<&sq>s Wax,"&5&oThe bees of Aisha are hard workers.

&9[Aishan]
&9[Offhand, Trinket]",,,,,,,,,,,,+15%,10.0,20.0,,,+20%,,,,,,,,,,,,,,,,,,,,,,,,,,,,,,,,,,,
RottenTreadsBlue,DIAMOND_BOOTS,,&1&lRotten Treads,"&1&oThere are still bits of flesh on the soles.

&9[Undead]
&9[Armor, Boots]","DURABILITY:16
PROTECTION_ENVIRONMENTAL:18",,,,,,,,,,,,,,,,,,,,,,,,,,,,,,,,,,,,,,,,,20.0,20.0,-10%,,,,,+20%,,,
RottenTreads,DIAMOND_BOOTS,,&5&lLuscious Boots,"&5&oSlippery and shiny

&9[Undead]
&9[Armor, Boots]","DURABILITY:18
PROTECTION_ENVIRONMENTAL:20
PROTECTION_FALL:10",,,,,,,,,,,,,,,,,,,,,,,,,,,,,,,,,,,,,,,,,23.0,23.0,-10%,,,,,+20%,,,
TheHarvester,DIAMOND_HOE,,&5&lThe Harvester,"&5&oDie. Die. Die.

&9Applies wither to enemies

&9[Undead]
&9[Melee, Sickle]","DURABILITY:22
DAMAGE_ALL:66
DAMAGE_UNDEAD:22",-4.0,-4.0,+25%,66.0,,,,+15%,,,,24.0,24.0,,,,,,,,,,,,,,,,,,,,,,,,,,,,,,,,,,,,,,
Totem,TOTEM_OF_UNDYING,,&5&lAngel Statue,"&5&oWe stand resolute in his stead.

&9[Angelic]
&9[Offhand, Trinket]",,,,,,,,,,36.0,36.0,+20%,6.0,24.0,,,+20%,,,,,,,,,,,,,,,,,,,,,,,,,,,,,,,,,,,
HelmoftheFurnace,NETHERITE_HELMET,,&5&lHelm of the Great Furnace,"&5&o""Get back in your cell, E102.""
&5&o-The Warden

&9[Nether]
&9[Armor, Helmet]","PROTECTION_ENVIRONMENTAL:20
PROTECTION_FIRE:20
DURABILITY:20",,,,,,,,,,,,,,,,,15.0,15.0,+10%,10.0,-5.0,+25%,,,,,,,,,,,,,,,,,,,,,,,,,,,,,
PrisonerHelm,IRON_HELMET,,&5&lPrisoner<&sq>s Hat,"&5&o""This cell is just a room.
&5&oThis block is just a hallway.
&5&oThis citadel is just a castle.
&5&oMy world is their prison.""
&5&o-E102

&9Unbreakable cannot be transferred.

&9[Nether]
&9[Armor, Helmet]",,,,,,,,,,,,,,,,,,5.0,5.0,+10%,,5.0,+25%,,+10%,,,,,,,,,,,,,,,,,,,,,,,,,True,,
SoulSnuffer,DIAMOND_AXE,,&5&lSoul Snuffer,"&5&oI will now turn this city household by
&5&ohousehold, until the flame of life has
&5&obeen snuffed out... forever.

&9[Nether]
&9[Melee, Axe]","DAMAGE_ALL:40
DAMAGE_ARTHROPODS:20
DAMAGE_UNDEAD:20",,,-80%,40.0,,,,,,,,,,,,,,,,,,,,,,,,,,,,,,,,,,,,,,,,,,,,,,,
StrangeDust,GUNPOWDER,,&5&lStrange Dust,"&5&oHuh. What is it?

&9[Ender]
&9[Offhand, Trinket]",,,,,,,,,,-10.0,-10.0,+15%,30.0,-10.0,+25%,,+15%,,,,,,,,,,,,,,,,,,,,,,,,,,,,,,,,,,,
BleedingEdge,DIAMOND_SWORD,,&5&lBleeding Edge,"&5&oCut until they stop moving.

&9Enemies hit bleed and are slowed
&9This item cannot be repaired
&9This item cannot be enchanted
&9This item cannot be upgraded to netherite
&9This item cannot be scrapped, combined, or grinded

&9[Nether]
&9[Melee, Sword]",DURABILITY:20,-4.0,-4.0,,25.0,-4.0,-25%,,+10%,,,,,,,,,,,,,,,,,,,,,,,,,,,,,,,,,,,,,,,,,,,
Greenshell,SCUTE,,&5&lGreenshell,"&5&oThe turtles of Aisha swam through the
&5&oStreams of Life and across the Terraces
&5&oof Eternity until they were torn apart.

&9Grants swim speed and water breathing

&9[Aishan]
&9[Offhand, Trinket]",,,,,,,,,,24.0,24.0,,8.0,24.0,,,+10%,,,,,,,,,,,,,,,,,,,,,,,,,,,,,,,,,,,
HellfireIngot,netherite_ingot,,&5&lHellfire Ingot,"&5&oUsed to make the guard<&sq>s weapons.

&9Grants fire resistance

&9[Nether]
&9[Offhand, Trinket]",,,,,,,,,,-10.0,25.0,,25.0,,+25%,,+10%,,,,,,,,,,,,,,,,,,,,,,,,,,,,,,,,,,,
LiquidFire,MAGMA_CREAM,,&5&lLiquid Fire,"&5&o""Who dare defy my fortress of pain?""
&5&o-The Warden

&9Grants fire resistance

&9[Nether]
&9[Offhand, Trinket]","FIRE_ASPECT:20
KNOCKBACK:2",,,,20.0,,,,,12.0,12.0,,16.0,16.0,,,,,,,,,,,,,,,,,,,,,,,,,,,,,,,,,,,,,,
CatherinesPearl,GHAST_TEAR,,&5&lCatherine<&sq>s Pearl,"&5&o""They are as beautiful as they are valuable.
&5&oPerhaps my brother will pay someone to hunt
&5&othem down too.""
&5&o-Catherine Campbell

&9Grants resistance

&9[Ender]
&9[Offhand, Trinket]","LOOT_BONUS_MOBS:5
DAMAGE_ALL:10",,,,,,,,,20.0,20.0,+20%,,10.0,+50%,,+20%,,,,,,,,,,,,,,,,,,,,,,,,,,,,,,,,,,,
FireShield,SHIELD,0.0,&5&lFurnace Safeguard,"&5&oHide from the flames.

&9Grants fire resistance

&9[Nether]
&9[Offhand, Shield]",DURABILITY:25,,,,,,,,,20.0,20.0,,10.0,10.0,,,-10%,,,,,,,,,,,,,,,,,,,,,,,,,,,,,,,,,,,
DelloransWail,TRIDENT,,&5&lDelloran<&sq>s Wail,"&5&oHear her cries and tears across the world.

&9[Aishan]
&9[Melee/Ranged, Trident]","DURABILITY:20
DAMAGE_ALL:60
IMPALING:60
LOYALTY:5",30.0,30.0,+15%,60.0,,+25%,,+10%,,,,,,,,,,,,,,,,,,,,,,,,,,,,,,,,,,,,,,,,,,,
Sentinel,SHIELD,0.0,&1&lSentinel<&sq>s Shield,"&1&oI am the watcher. I am the eyes of the watchful.

&9[Aishan]
&9[Offhand, Shield]",DURABILITY:15,,,,,,,,,10.0,10.0,+10%,2.0,8.0,+30%,,+10%,,,,,,,,,,,,,,,,,,,,,,,,,,,,,,,,,,,
GreenSword,IRON_SWORD,,&2&lSharpened Sword,"
&9[NONE]
&9[Melee, Sword]","DAMAGE_ALL:15
DURABILITY:15
SWEEPING_EDGE:7",,,+10%,15.0,-4.0,,,,,,,,,,,,,,,,,,,,,,,,,,,,,,,,,,,,,,,,,,,,,,
GreenAxe,IRON_AXE,,&2&lButcher<&sq>s Axe,"
&9[NONE]
&9[Melee, Axe]","DAMAGE_ALL:18
DURABILITY:15",,,-60%,18.0,,,,,,,,,,,,,,,,,,,,,,,,,,,,,,,,,,,,,,,,,,,,,,,
GreenHelm,IRON_HELMET,,&2&lHelmet of Resolve,"
&9[NONE]
&9[Armor, Helmet]","PROTECTION_ENVIRONMENTAL:10
DURABILITY:15",,,,,,,,,,,,,,,,,10.0,20.0,,-2.0,6.0,+5%,,,,,,,,,,,,,,,,,,,,,,,,,,,,,
GreenChest,IRON_CHESTPLATE,,&2&lChestplate of Resolve,"
&9[NONE]
&9[Armor, Chestplate]","PROTECTION_ENVIRONMENTAL:15
DURABILITY:15
THORNS:5",,,,,,,,,,,,,,,,,,,,,,,,,12.0,12.0,,,8.0,+15%,,-15%,,,,,,,,,,,,,,,,,,,
GreenLeggings,IRON_LEGGINGS,,&2&lLeggings of Resolve,"
&9[NONE]
&9[Armor, Leggings]","PROTECTION_ENVIRONMENTAL:15
DURABILITY:15",,,,,,,,,,,,,,,,,,,,,,,,,,,,,,,,,16.0,10.0,-10%,,8.0,,,+10%,,,,,,,,,,,
GreenBoots,IRON_BOOTS,,&2&lBoots of Resolve,"
&9[NONE]
&9[Armor, Boots]","PROTECTION_ENVIRONMENTAL:12
PROTECTION_FALL:5
DURABILITY:15",,,,,,,,,,,,,,,,,,,,,,,,,,,,,,,,,,,,,,,,,12.0,10.0,,,4.0,-15%,,+10%,,,
GreenBow,BOW,,&2&lSetallia Longbow,"
&9[NONE]
&9[Ranged, Bow]","ARROW_DAMAGE:20
DURABILITY:10",,,,7.0,,-20%,,+15%,,,,,,,,,,,,,,,,,,,,,,,,,,,,,,,,,,,,,,,,,,,
GreenShield,SHIELD,,&2&lArtisan Shield,"
&9[NONE]
&9[Offhand, Shield]",DURABILITY:15,,,,,,,,,8.0,8.0,-5%,,8.0,,,-5%,,,,,,,,,,,,,,,,,,,,,,,,,,,,,,,,,,,
GreenTrinket,IRON_INGOT,,&2&lHardened Steel,"
&9[NONE]
&9[Offhand, Trinket]",,,,,,,,,,,10.0,-10%,8.0,,,,+5%,,,,,,,,,,,,,,,,,,,,,,,,,,,,,,,,,,,
BlueSword,DIAMOND_SWORD,,&1&lExtra-Sharp Blade,"
&9[NONE]
&9[Melee, Sword]","DAMAGE_ALL:20
DURABILITY:20
SWEEPING_EDGE:10",,,+15%,15.0,-8.0,,,,,,,,,,,,,,,,,,,,,,,,,,,,,,,,,,,,,,,,,,,,,,
BlueAxe,DIAMOND_AXE,,&1&lRavagers<&sq>s Axe,"
&9[NONE]
&9[Melee, Axe]","DAMAGE_ALL:22
DURABILITY:15",,,-50%,22.0,,,,+10%,,,,,,,,,,,,,,,,,,,,,,,,,,,,,,,,,,,,,,,,,,,
BlueHelm,DIAMOND_HELMET,,&1&lDisciple<&sq>s Helm,"
&9[NONE]
&9[Armor, Helmet]","PROTECTION_ENVIRONMENTAL:13
DURABILITY:13",,,,,,,,,,,,,,,,,12.0,24.0,,-4.0,10.0,+10%,,,,,,,,,,,,,,,,,,,,,,,,,,,,,
BlueChest,DIAMOND_CHESTPLATE,,&1&lDisciple<&sq>s Breastplate,"
&9[NONE]
&9[Armor, Chestplate]","PROTECTION_ENVIRONMENTAL:17
PROTECTION_PROJECTILE:10
DURABILITY:12",,,,,,,,,,,,,,,,,,,,,,,,,14.0,14.0,,,10.0,+25%,,-15%,,,,,,,,,,,,,,,,,,,
BlueLeggings,DIAMOND_LEGGINGS,,&1&lDisciple<&sq>s Legplates,"
&9[NONE]
&9[Armor, Leggings]","PROTECTION_ENVIRONMENTAL:18
DURABILITY:15",,,,,,,,,,,,,,,,,,,,,,,,,,,,,,,,,20.0,10.0,-15%,,8.0,,,+10%,,,,,,,,,,,
BlueBoots,DIAMOND_BOOTS,,&1&lDisciple<&sq>s Boots,"
&9[NONE]
&9[Armor, Boots]","PROTECTION_ENVIRONMENTAL:15
PROTECTION_FALL:8
DURABILITY:15",,,,,,,,,,,,,,,,,,,,,,,,,,,,,,,,,,,,,,,,,14.0,12.0,,,6.0,-25%,,+10%,,,
BlueBow,BOW,,&1&lLauda Striker,"
&9[NONE]
&9[Ranged, Bow]","ARROW_DAMAGE:25
DURABILITY:5",,,,10.0,,-10%,,+10%,,,,,,,,,,,,,,,,,,,,,,,,,,,,,,,,,,,,,,,,,,,
BlueShield,SHIELD,,&1&lMaster<&sq>s Shield,"
&9[NONE]
&9[Offhand, Shield]",DURABILITY:20,,,,,,,,,10.0,10.0,-10%,,10.0,,,-5%,,,,,,,,,,,,,,,,,,,,,,,,,,,,,,,,,,,
BlueTrinket,GOLD_INGOT,,&1&lAuthentic Nether Gold,"
&9[NONE]
&9[Offhand, Trinket]",,,,,,,,,,,-5.0,+10%,12.0,,+25%,,+10%,,,,,,,,,,,,,,,,,,,,,,,,,,,,,,,,,,,
UnbreakableShieldBase,SHIELD,,&1&lUnbreakable Shield,"
&9[NONE]
&9[Offhand, Shield]",,,,,,,,,,20.0,20.0,,,,,,,,,,,,,,,,,,,,,,,,,,,,,,,,,,,,,,,True,,
UnbreakableShieldAishan,SHIELD,,&5&lHorizon Shield,"
&9[Aishan]
&9[Offhand, Shield]",,,,,,,,,,15.0,15.0,+7%,7.0,7.0,+7%,,+7%,,,,,,,,,,,,,,,,,,,,,,,,,,,,,,,,,True,,
UnbreakableShieldAngelic,SHIELD,,&5&lRose Shield,"
&9[Angelic]
&9[Offhand, Shield]",,,,,,,,,,25.0,25.0,,-5.0,20.0,,,+10%,,,,,,,,,,,,,,,,,,,,,,,,,,,,,,,,,True,,
UnbreakableShieldEnder,SHIELD,,&5&lThreatening Shield,"
&9[Ender]
&9[Offhand, Shield]",,,,,,,,,,20.0,20.0,-5%,10.0,10.0,+25%,,,,,,,,,,,,,,,,,,,,,,,,,,,,,,,,,,,True,,
UnbreakableShieldNether,SHIELD,,&5&lPrison Shield,"
&9[Nether]
&9[Offhand, Shield]",,,,,,,,,,10.0,10.0,+10%,30.0,-10.0,,,+5%,,,,,,,,,,,,,,,,,,,,,,,,,,,,,,,,,True,,
UnbreakableShieldUndead,SHIELD,,&5&lDungeon Shield,"
&9[Undead]
&9[Offhand, Shield]",,,,,,,,,,20.0,25.0,+5%,10.0,-5.0,+10%,,+5%,,,,,,,,,,,,,,,,,,,,,,,,,,,,,,,,,True,,
UnbreakableHelmet,DIAMOND_HELMET,,&1&lUnbreakable Helmet,"
&9[NONE]
&9[Armor, Helmet]",PROTECTION_ENVIRONMENTAL:10,,,,,,,,,,,,,,,,,15.0,15.0,,,,,,,,,,,,,,,,,,,,,,,,,,,,,,,True,,
UnbreakableHelmetAishan,DIAMOND_HELMET,,&5&lHelm of the Streams,"
&9[Aishan]
&9[Armor, Helmet]","PROTECTION_ENVIRONMENTAL:15
OXYGEN:5
WATER_WORKER:1",,,,,,,,,,,,,,,,,15.0,15.0,+5%,,7.0,,,+5%,,,,,,,,,,,,,,,,,,,,,,,,,True,,
UnbreakableHelmetAngelic,DIAMOND_HELMET,,&5&lHelm of Royalty,"
&9[Angelic]
&9[Armor, Helmet]","PROTECTION_ENVIRONMENTAL:15
THORNS:10
PROTECTION_PROJECTILE:5",,,,,,,,,,,,,,,,,15.0,15.0,,-5.0,15.0,,,-5%,,,,,,,,,,,,,,,,,,,,,,,,,True,,
UnbreakableHelmetEnder,DIAMOND_HELMET,,&5&lHelm of Possibility,"
&9[Ender]
&9[Armor, Helmet]","PROTECTION_ENVIRONMENTAL:15
PROTECTION_PROJECTILE:10",,,,,,,,,,,,,,,,,20.0,20.0,+10%,-5.0,-5.0,,,+10%,,,,,,,,,,,,,,,,,,,,,,,,,True,,
UnbreakableHelmetNether,DIAMOND_HELMET,,&5&lHelm of the Firey Fall,"
&9[Nether]
&9[Armor, Helmet]","PROTECTION_ENVIRONMENTAL:10
PROTECTION_FIRE:15",,,,,,,,,,,,,,,,,10.0,20.0,+15%,15.0,-5.0,,,-10%,,,,,,,,,,,,,,,,,,,,,,,,,True,,
UnbreakableHelmetUndead,DIAMOND_HELMET,,&5&lHelm of the Restless Dead,"
&9[Undead]
&9[Armor, Helmet]","PROTECTION_ENVIRONMENTAL:15
PROTECTION_PROJECTILE:10",,,,,,,,,,,,,,,,,20.0,20.0,+10%,-5.0,5.0,,,-10%,,,,,,,,,,,,,,,,,,,,,,,,,True,,
UnbreakableChestplate,DIAMOND_CHESTPLATE,,&1&lUnbreakable Chestplate,"
&9[NONE]
&9[Armor, Chestplate]",PROTECTION_ENVIRONMENTAL:12,,,,,,,,,,,,,,,,,,,,,,,,,17.0,17.0,,,,,,,,,,,,,,,,,,,,,,,True,,
UnbreakableChestplateAishan,DIAMOND_CHESTPLATE,,&5&lVibrant Chestplate,"
&9[Aishan]
&9[Armor, Chestplate]","PROTECTION_ENVIRONMENTAL:22
PROTECTION_FIRE:10
PROTECTION_PROJECTILE:10",,,,,,,,,,,,,,,,,,,,,,,,,22.0,22.0,+10%,5.0,10.0,,,,,,,,,,,,,,,,,,,,True,,
UnbreakableChestplateAngelic,DIAMOND_CHESTPLATE,,&5&lBrilliant Chestplate,"
&9[Angelic]
&9[Armor, Chestplate]","PROTECTION_ENVIRONMENTAL:30
THORNS:10
PROTECTION_FIRE:10",,,,,,,,,,,,,,,,,,,,,,,,,30.0,30.0,-5%,-10.0,15.0,,,-5%,,,,,,,,,,,,,,,,,True,,
UnbreakableChestplateEnder,DIAMOND_CHESTPLATE,,&5&lShadow Chestplate,"
&9[Ender]
&9[Armor, Chestplate]","PROTECTION_ENVIRONMENTAL:20
PROTECTION_PROJECTILE:20",,,,,,,,,,,,,,,,,,,,,,,,,20.0,20.0,,15.0,,+25%,,-10%,,,,,,,,,,,,,,,,,True,,
UnbreakableChestplateNether,DIAMOND_CHESTPLATE,,&5&lBurning Chestplate,"
&9[Nether]
&9[Armor, Chestplate]","PROTECTION_ENVIRONMENTAL:20
PROTECTION_FIRE:20",,,,,,,,,,,,,,,,,,,,,,,,,20.0,20.0,+10%,20.0,-10.0,,,,,,,,,,,,,,,,,,,,True,,
UnbreakableChestplateUndead,DIAMOND_CHESTPLATE,,&5&lCreeping Chestplate,"
&9[Undead]
&9[Armor, Chestplate]","PROTECTION_ENVIRONMENTAL:20
PROTECTION_PROJECTILE:15",,,,,,,,,,,,,,,,,,,,,,,,,25.0,20.0,-10%,10.0,10.0,,,-10%,,,,,,,,,,,,,,,,,True,,
UnbreakableLeggings,DIAMOND_LEGGINGS,,&1&lUnbreakable Leggings,"
&9[NONE]
&9[Armor, Leggings]",PROTECTION_ENVIRONMENTAL:12,,,,,,,,,,,,,,,,,,,,,,,,,,,,,,,,,17.0,17.0,,,,,,,,,,,,,,,True,,
UnbreakableLeggingsAishan,DIAMOND_LEGGINGS,,&5&lLeggings of the Twisting Vine,"
&9[Aishan]
&9[Armor, Leggings]","PROTECTION_ENVIRONMENTAL:17
PROTECTION_PROJECTILE:10",,,,,,,,,,,,,,,,,,,,,,,,,,,,,,,,,20.0,25.0,,5.0,5.0,,,+10%,,,,,,,,,True,,
UnbreakableLeggingsAngelic,DIAMOND_LEGGINGS,,&5&lLeggings of the Radiant,"
&9[Angelic]
&9[Armor, Leggings]","PROTECTION_ENVIRONMENTAL:22
THORNS:10",,,,,,,,,,,,,,,,,,,,,,,,,,,,,,,,,25.0,25.0,-10%,-5.0,10.0,,,+10%,,,,,,,,,True,,
UnbreakableLeggingsEnder,DIAMOND_LEGGINGS,,&5&lLeggings of the Obsidian Ring,"
&9[Ender]
&9[Armor, Leggings]",PROTECTION_ENVIRONMENTAL:27,,,,,,,,,,,,,,,,,,,,,,,,,,,,,,,,,20.0,20.0,-15%,10.0,10.0,,,,,,,,,,,,True,,
UnbreakableLeggingsNether,DIAMOND_LEGGINGS,,&5&lLeggings of the Burning Embers,"
&9[Nether]
&9[Armor, Leggings]","PROTECTION_ENVIRONMENTAL:17
PROTECTION_FIRE:15",,,,,,,,,,,,,,,,,,,,,,,,,,,,,,,,,15.0,15.0,+10%,20.0,-10.0,,,,,,,,,,,,True,,
UnbreakableLeggingsUndead,DIAMOND_LEGGINGS,,&5&lLeggings of the Endless Horde,"
&9[Undead]
&9[Armor, Leggings]","PROTECTION_ENVIRONMENTAL:17
PROTECTION_PROJECTILE:10",,,,,,,,,,,,,,,,,,,,,,,,,,,,,,,,,25.0,25.0,,15.0,,,,-10%,,,,,,,,,True,,
UnbreakableBoots,DIAMOND_BOOTS,,&1&lUnbreakable Boots,"
&9[NONE]
&9[Armor, Boots]",PROTECTION_ENVIRONMENTAL:10,,,,,,,,,,,,,,,,,,,,,,,,,,,,,,,,,,,,,,,,,15.0,15.0,,,,,,,True,,
UnbreakableBootsAishan,DIAMOND_BOOTS,,&5&lTreads of Blossoming Life,"
&9[Aishan]
&9[Armor, Boots]","PROTECTION_ENVIRONMENTAL:10
PROTECTION_FIRE:5
PROTECTION_PROJECTILE:5
PROTECTION_FALL:5",,,,,,,,,,,,,,,,,,,,,,,,,,,,,,,,,,,,,,,,,12.0,12.0,,7.0,7.0,,,+10%,True,,
UnbreakableBootsAngelic,DIAMOND_BOOTS,,&5&lTreads of the Luminous,"
&9[Angelic]
&9[Armor, Boots]","PROTECTION_ENVIRONMENTAL:15
PROTECTION_PROJECTILE:5
THORNS:10",,,,,,,,,,,,,,,,,,,,,,,,,,,,,,,,,,,,,,,,,20.0,20.0,,-10.0,10.0,,,,True,,
UnbreakableBootsEnder,DIAMOND_BOOTS,,&5&lTreads of the Void,"
&9[Ender]
&9[Armor, Boots]","PROTECTION_ENVIRONMENTAL:15
PROTECTION_FALL:10",,,,,,,,,,,,,,,,,,,,,,,,,,,,,,,,,,,,,,,,,20.0,20.0,-5%,5.0,5.0,,,-5%,True,,
UnbreakableBootsNether,DIAMOND_BOOTS,,&5&lTreads of Searing Fire,"
&9[Nether]
&9[Armor, Boots]","PROTECTION_ENVIRONMENTAL:10
PROTECTION_FIRE:10",,,,,,,,,,,,,,,,,,,,,,,,,,,,,,,,,,,,,,,,,20.0,15.0,,20.0,-15.0,,,+10%,True,,
UnbreakableBootsUndead,DIAMOND_BOOTS,,&5&lTreads of Decayed Flesh,"
&9[Undead]
&9[Armor, Boots]","PROTECTION_ENVIRONMENTAL:15
PROTECTION_FALL:5",,,,,,,,,,,,,,,,,,,,,,,,,,,,,,,,,,,,,,,,,20.0,20.0,+10%,15.0,,,,-10%,True,,
MayorSword,IRON_SWORD,0.0,&2&lMayors Rapier,"
&9[NONE]
&9[Melee, Sword]","DURABILITY:3
DAMAGE_ALL:3",,,0.35,7.0,,,,,,,,,,,,,,,,,,,,,,,,,,,,,,,,,,,,,,,,,,,,,,,
GuidingCompass,COMPASS,0.0,&1&lThe Guiding Compass,"&1&oWhere it goes, only you know.

&9[Aishan]
&9[Offhand, Trinket]",KNOCKBACK:2,,,,,,,,,8.0,8.0,0.3,,8.0,,,0.15,,,,,,,,,,,,,,,,,,,,,,,,,,,,,,,,,,,
PureNail,IRON_SWORD,0.0,&1&lPure Nail,"&1&oAvenge Hallownest.

&9[Aishan]
&9[Melee, Sword]","SWEEPING_EDGE:5
DURABILITY:5
DAMAGE_ALL:5
DAMAGE_ARTHROPODS:5",,,,10.0,,,,0.2,,,,,,,,,,,,,,,,,,,,,,,,,,,,,,,,,,,,,,,,,,,
StrangeChunk,PURPLE_DYE,,&1&lStrange Chunk,"&1&oYou aren<&sq>t sure what it<&sq>s made of...

&9[Ender]
&9[Offhand, Trinket]",,,,,,,,,,-5.0,,+15%,5.0,,-15%,,+15%,,,,,,,,,,,,,,,,,,,,,,,,,,,,,,,,,,,
StrangeChunk2,PURPLE_DYE,,&1&lExtra Strange Chunk,"&1&oYou aren<&sq>t sure what it<&sq>s made of...

&9[Ender]
&9[Offhand, Trinket]",,,,,,,,,,-5.0,,+25%,15.0,,-15%,,+25%,,,,,,,,,,,,,,,,,,,,,,,,,,,,,,,,,,,
StrangeChunk2Purple,PURPLE_DYE,,&5&lExtra Strange Chunk,"&5&oYou aren<&sq>t sure what it<&sq>s made of...

&9[Ender]
&9[Offhand, Trinket]",,,,,,,,,,,,+25%,20.0,,,,+25%,,,,,,,,,,,,,,,,,,,,,,,,,,,,,,,,,,,
Dollar,PAPER,0.0,&d&l&nDollar,&d&oCurrency for vanilla items and games.,,,,,,,,,,,,,,,,,,,,,,,,,,,,,,,,,,,,,,,,,,,,,,,,,,,,
Band,BOOK,0.0,&d&l&nBand,&d&oCurrency for vanilla items and games.,,,,,,,,,,,,,,,,,,,,,,,,,,,,,,,,,,,,,,,,,,,,,,,,,,,,
CrystalBud,small_amethyst_bud,0.0,&d&l&nCrystal Bud,&d&oCurrency for custom items and upgrades.,,,,,,,,,,,,,,,,,,,,,,,,,,,,,,,,,,,,,,,,,,,,,,,,,,,,
CrystalChunk,medium_amethyst_bud,0.0,&d&l&nCrystal Chunk,&d&oCurrency for custom items and upgrades.,,,,,,,,,,,,,,,,,,,,,,,,,,,,,,,,,,,,,,,,,,,,,,,,,,,,
CrystalBunch,large_amethyst_bud,0.0,&d&l&nCrystal Bunch,&d&oCurrency for custom items and upgrades.,,,,,,,,,,,,,,,,,,,,,,,,,,,,,,,,,,,,,,,,,,,,,,,,,,,,
CrystalCluster,amethyst_cluster,0.0,&d&l&nCrystal Cluster,&d&oCurrency for custom items and upgrades.,,,,,,,,,,,,,,,,,,,,,,,,,,,,,,,,,,,,,,,,,,,,,,,,,,,,
ResonatingCrystal,amethyst_shard,0.0,&d&l&nResonating Crystal,&d&oCurrency for custom items and upgrades.,,,,,,,,,,,,,,,,,,,,,,,,,,,,,,,,,,,,,,,,,,,,,,,,,,,,
CurioGold,MUSIC_DISC_13,,&d&l&nCurio of Gold,&d&oSpecial secret currency.,,,,,,,,,,,,,,,,,,,,,,,,,,,,,,,,,,,,,,,,,,,,,,,,,,,,
CurioLife,MUSIC_DISC_CAT,,&d&l&nCurio of Blooming Life,&d&oSpecial secret currency.,,,,,,,,,,,,,,,,,,,,,,,,,,,,,,,,,,,,,,,,,,,,,,,,,,,,
CurioFire,MUSIC_DISC_BLOCKS,,&d&l&nCurio of Ceaseless Fire,&d&oSpecial secret currency.,,,,,,,,,,,,,,,,,,,,,,,,,,,,,,,,,,,,,,,,,,,,,,,,,,,,
CurioHatred,MUSIC_DISC_CHIRP,,&d&l&nCurio of Hatred,&d&oSpecial secret currency.,,,,,,,,,,,,,,,,,,,,,,,,,,,,,,,,,,,,,,,,,,,,,,,,,,,,
CurioResilience,MUSIC_DISC_FAR,,&d&l&nCurio of Resilience,&d&oSpecial secret currency.,,,,,,,,,,,,,,,,,,,,,,,,,,,,,,,,,,,,,,,,,,,,,,,,,,,,
CurioEnder,MUSIC_DISC_MALL,,&d&l&nCurio of Ender,&d&oSpecial secret currency.,,,,,,,,,,,,,,,,,,,,,,,,,,,,,,,,,,,,,,,,,,,,,,,,,,,,
CurioWorlds,MUSIC_DISC_MELLOHI,,&d&l&nCurio of Other Worlds,&d&oSpecial secret currency.,,,,,,,,,,,,,,,,,,,,,,,,,,,,,,,,,,,,,,,,,,,,,,,,,,,,
CurioDarkness,MUSIC_DISC_STAL,,&d&l&nCurio of Rising Darkness,&d&oSpecial secret currency.,,,,,,,,,,,,,,,,,,,,,,,,,,,,,,,,,,,,,,,,,,,,,,,,,,,,
CurioInfinity,MUSIC_DISC_STRAD,,&d&l&nCurio of Infinity,&d&oSpecial secret currency.,,,,,,,,,,,,,,,,,,,,,,,,,,,,,,,,,,,,,,,,,,,,,,,,,,,,
CurioDuality,MUSIC_DISC_WARD,,&d&l&nCurio of Duality,&d&oSpecial secret currency.,,,,,,,,,,,,,,,,,,,,,,,,,,,,,,,,,,,,,,,,,,,,,,,,,,,,
CurioEndTimes,MUSIC_DISC_11,,&d&l&nCurio of the End Times,&d&oSpecial secret currency.,,,,,,,,,,,,,,,,,,,,,,,,,,,,,,,,,,,,,,,,,,,,,,,,,,,,
CurioSkies,MUSIC_DISC_WAIT,,&d&l&nCurio of Endless Skies,&d&oSpecial secret currency.,,,,,,,,,,,,,,,,,,,,,,,,,,,,,,,,,,,,,,,,,,,,,,,,,,,,
CurioLostKingdom,MUSIC_DISC_OTHERSIDE,,&d&l&nCurio of the Lost Kingdom,&d&oSpecial secret currency.,,,,,,,,,,,,,,,,,,,,,,,,,,,,,,,,,,,,,,,,,,,,,,,,,,,,
CurioGreatFurnace,MUSIC_DISC_PIGSTEP,,&d&l&nCurio of the Great Furnace,&d&oSpecial secret currency.,,,,,,,,,,,,,,,,,,,,,,,,,,,,,,,,,,,,,,,,,,,,,,,,,,,,
Guardian,SHIELD,0.0,&2&lGuardian<&sq>s Shield,"&2&oAn elegant shield for an uncivilized age.

&9This item cannot be upgraded,
&9combined, grinded, or recycled

&9[NONE]
&9[Offhand, Shield]",,,,,,,,,,3.0,3.0,,-0.5,2.0,+10%,,,,,,,,,,,,,,,,,,,,,,,,,,,,,,,,,,,True,,
Scout,LEATHER_BOOTS,0.0,&2&lScouting Shoes,"&2&oTake me somewhere unknown.

&9This item cannot be upgraded,
&9combined, grinded, or recycled

&9[NONE]
&9[Armor, Boots]",PROTECTION_FALL:4,,,,,,,,,,,,,,,,,,,,,,,,,,,,,,,,,,,,,,,,,-2.0,,+10%,1.0,-2.0,,,+10%,True,,
Warrior,STONE_AXE,0.0,&2&lWarrior<&sq>s Axe,"&2&oWhy run when you could kill?

&9This item cannot be upgraded,
&9combined, grinded, or recycled

&9[NONE]
&9[Melee, Axe]",DAMAGE_ALL:3,2.0,,-80%,9.0,,,,,,,,,,,,,,,,,,,,,,,,,,,,,,,,,,,,,,,,,,,,,True,,
Guardian2,SHIELD,0.0,&2&lProtector<&sq>s Shield,"&2&oAn elegant shield for an uncivilized age.

&9This item cannot be upgraded,
&9combined, grinded, or recycled

&9[NONE]
&9[Offhand, Shield]",,,,,,,,,,9.0,9.0,,-1.0,6.0,+30%,,+10%,,,,,,,,,,,,,,,,,,,,,,,,,,,,,,,,,True,,
Scout2,IRON_BOOTS,0.0,&2&lExplorer Shoes,"&2&oTake me somewhere unknown.

&9This item cannot be upgraded,
&9combined, grinded, or recycled

&9[NONE]
&9[Armor, Boots]",PROTECTION_FALL:6,,,,,,,,,,,,,,,,,,,,,,,,,,,,,,,,,,,,,,,,,-4.0,,+15%,5.0,-4.0,,,+15%,True,,
Warrior2,IRON_AXE,0.0,&2&lHero<&sq>s Axe,"&2&oWhy run when you could kill?

&9This item cannot be upgraded,
&9combined, grinded, or recycled

&9[NONE]
&9[Melee, Axe]",DAMAGE_ALL:8,8.0,,-80%,18.0,,,,-10%,,,,,,,,,,,,,,,,,,,,,,,,,,,,,,,,,,,,,,,,,True,,
BanditCrossbow,CROSSBOW,0.0,&2&lOutlaw<&sq>s Crossbow,"
&9[NONE]
&9[Ranged, Crossbow]","DURABILITY:5
QUICK_CHARGE:3
PIERCING:10",,,,,,,,,,,,,,,,,,,,,,,,,,,,,,,,,,,,,,,,,,,,,,,,,,,
BanditTag,IRON_NUGGET,0.0,&c&l&nBandit Tag,&c&oCurrency used for Siege of Setallia dungeon items.,,,,,,,,,,,,,,,,,,,,,,,,,,,,,,,,,,,,,,,,,,,,,,,,,,,,
BanditCaptainAxe,IRON_AXE,0.0,&2&lBandit Captain<&sq>s Axe,"
&9[NONE]
&9[Melee, Axe]","KNOCKBACK:1
DURABILITY:5
DAMAGE_ALL:7",,,,15.0,,15%,,,,,,,,,,,,,,,,,,,,,,,,,,,,,,,,,,,,,,,,,,,,,
BanditShield,SHIELD,0.0,&2&lMarauder<&sq>s Shield,"
&9[NONE]
&9[Offhand, Shield]",DURABILITY:7,,,,,,,,,5.0,5.0,,,6.0,,,,,,,,,,,,,,,,,,,,,,,,,,,,,,,,,,,,,,
WarlordSword,IRON_SWORD,0.0,&2&lWarlord<&sq>s Sword,"
&9[NONE]
&9[Melee, Sword]","SWEEPING_EDGE:7
DURABILITY:5
DAMAGE_UNDEAD:7",,,15%,12.0,,,,,,,,,,,,,,,,,,,,,,,,,,,,,,,,,,,,,,,,,,,,,,,
BerserkerFury,POTION,8201.0,&2&lBerserker<&sq>s Fury,&2&oThe bandit go-to drink.,,,,,,,,,,,,,,,,,,,,,,,,,,,,,,,,,,,,,,,,,,,,,,,,,,,"250,50,150",
Mountainbrew,POTION,8201.0,&2&lMountain Brew,,,,,,,,,,,,,,,,,,,,,,,,,,,,,,,,,,,,,,,,,,,,,,,,,,,,"10,100,150",
LevelFourBow,BOW,0.0,&fBow,,ARROW_DAMAGE:10,,,,,,,,,,,,,,,,,,,,,,,,,,,,,,,,,,,,,,,,,,,,,,,,,,,
LevelFiveBow,BOW,0.0,&fBow,,"ARROW_DAMAGE:19
ARROW_KNOCKBACK:1",,,,,,,,,,,,,,,,,,,,,,,,,,,,,,,,,,,,,,,,,,,,,,,,,,,
LevelSixBow,BOW,0.0,&fBow,,"ARROW_DAMAGE:26
ARROW_KNOCKBACK:2",,,,,,,,,,,,,,,,,,,,,,,,,,,,,,,,,,,,,,,,,,,,,,,,,,,
DushoreAppreciation,EMERALD,0.0,&e&l&nToken of Appreciation,&e&oCurrency used for Defense of Dushore items.,,,,,,,,,,,,,,,,,,,,,,,,,,,,,,,,,,,,,,,,,,,,,,,,,,,,
DushoreToken,GOLD_NUGGET,0.0,&e&l&nKill Token,&e&oCurrency used to buy supplies.,,,,,,,,,,,,,,,,,,,,,,,,,,,,,,,,,,,,,,,,,,,,,,,,,,,,
ReapandSow,IRON_SWORD,0.0,&1&lReap and Sow,"
&9Heals you over time.

&9[Aishan]
&9[Melee, Sword]","DURABILITY:12
DAMAGE_ALL:10
DAMAGE_UNDEAD:10
SWEEPING_EDGE:7",6.0,6.0,-50%,10.0,10.0,,,+10%,,,,,,,,,,,,,,,,,,,,,,,,,,,,,,,,,,,,,,,,,,,
TrinityGhoul,BOW,0.0,&1&lTrinity Ghoul,"&1&oI cant afford to miss.

&9[Undead]
&9[Ranged, Bow]","ARROW_DAMAGE:12
DURABILITY:5",,,,,,,,-15%,,,,,,,,,,,,,,,,,,,,,,,,,,,,,,,,,,,,,,,,,,,
HuntingVest,CHAINMAIL_CHESTPLATE,0.0,&1&lBear Hunting Vest,"
&9[NONE]
&9[Armor, Chestplate]","DURABILITY:12
PROTECTION_ENVIRONMENTAL:6
PROTECTION_PROJECTILE:10
PROTECTION_FALL:3",,,,,,,,,,,,,,,,,,,,,,,,,8.0,8.0,,,,-10%,,-5%,,,,,,,,,,,,,,,,,,,
FarmingShoes,CHAINMAIL_BOOTS,,&1&lFarming Shoes,"
&9[NONE]
&9[Armor, Boots]","DURABILITY:12
PROTECTION_ENVIRONMENTAL:7",,,,,,,,,,,,,,,,,,,,,,,,,,,,,,,,,,,,,,,,,10.0,10.0,-10%,,-4.0,,,+10%,,,
Honey,POTION,8201.0,&5&lSweet Honey,&5&oCasper<&sq>s favorite drink.,,,,,,,,,,,,,,,,,,,,,,,,,,,,,,,,,,,,,,,,,,,,,,,,,,,"250,200,100",
GoldMelon,GLISTERING_MELON_SLICE,,&5&lSolid Gold Melon,"&5&oCasper uses it to show off.

&9[Nether]
&9[Offhand, Trinket]",,,,,,,,,,,,,10.0,16.0,-20%,,+15%,,,,,,,,,,,,,,,,,,,,,,,,,,,,,,,,,,,
CuteSlippers,DIAMOND_BOOTS,0.0,&5&lCute Slippers,"&5&oSo comfortable.

&9[Angelic]
&9[Armor, Boots]","DURABILITY:15
PROTECTION_ENVIRONMENTAL:15
PROTECTION_FALL:10",,,,,,,,,,,,,,,,,,,,,,,,,,,,,,,,,,,,,,,,,12.0,12.0,+25%,,12.0,,,,,,
CaspersPrize,GOLDEN_AXE,,&5&lCasper<&sq>s Prize,"&5&oSlay them all.

&9[Nether]
&9[Melee, Axe]","DURABILITY:15
DAMAGE_ALL:20
FIRE_ASPECT:10",,,+25%,18.0,,,,+15%,,,,,,,,,,,,,,,,,,,,,,,,,,,,,,,,,,,,,,,,,,,
Phantom,IRON_SWORD,,&5&lPhantom,"&5&oFrom the shadows, I come.

&9Blinds enemies you hit

&9[Undead]
&9[Melee, Sword]","DURABILITY:15
DAMAGE_ALL:12
SWEEPING_EDGE:12",,,+15%,15.0,,,,+20%,,,,,,,,,,,,,,,,,,,,,,,,,,,,,,,,,,,,,,,,,,,
HMToken,Iron_Ingot,0.0,&4&l&nHaunted Mines Iron,&4&oCurrency used for Haunted Mines raid items.,,,,,,,,,,,,,,,,,,,,,,,,,,,,,,,,,,,,,,,,,,,,,,,,,,,,
MinersShovel,DIAMOND_SHOVEL,0.0,&5&lMiner<&sq>s Shovel,"&5&oIt<&sq>s for digging.

&9[NONE]
&9[Melee, Shovel]","DAMAGE_ALL:20
DIG_SPEED:10
DURABILITY:15",6.0,6.0,,15.0,,,,+10%,,,,,,,,,,,,,,,,,,,,,,,,,,,,,,,,,,,,,,,,,,,
WeirdLumpofCoal,CHARCOAL,0.0,&5&lWeird Lump of Coal,"&5&oSomeone found it at the back of the mines.

&9Grants fire resistance.

&9[Nether]
&9[Offhand, Trinket]","FIRE_ASPECT:5
DAMAGE_ALL:10",,,+50%,,,,,,10.0,10.0,-15%,5.0,6.0,,,,,,,,,,,,,,,,,,,,,,,,,,,,,,,,,,,,,,
WornTrousers,IRON_LEGGINGS,0.0,&5&lWorn Trousers,"&5&oMaybe you should have left them at home.

&9[Nether]
&9[Armor, Leggings]","DURABILITY:15
PROTECTION_ENVIRONMENTAL:10
PROTECTION_FIRE:15",,,,,,,,,,,,,,,,,,,,,,,,,,,,,,,,,6.0,30.0,,,,+20%,,,,,,,,,,,,,
UselessPickaxe,DIAMOND_PICKAXE,0.0,&5&lUseless Pickaxe,"&5&oIt<&sq>s a bit shit.

&9Cannot mine blocks.

&9[Undead]
&9[Melee, Pickaxe]","DAMAGE_ALL:15
DAMAGE_UNDEAD:15
DAMAGE_ARTHROPODS:15
DURABILITY:10",-6.0,-6.0,,20.0,-6.0,,,+15%,,,,,,,,,,,,,,,,,,,,,,,,,,,,,,,,,,,,,,,,,,,
ChunkofPolishedIron,RAW_IRON,0.0,&5&lChunk of Polished Iron,"&5&oSetallia<&sq>s finest.

&9[Undead]
&9[Offhand, Trinket]",,,,,,,,,,,10.0,+25%,10.0,16.0,+30%,,-10%,,,,,,,,,,,,,,,,,,,,,,,,,,,,,,,,,,,
CavingHelmet,IRON_HELMET,0.0,&5&lCaving Helmet,"&5&oUsed to light the way

&9Grants night vision

&9[Aishan]
&9[Armor, Leggings]","DURABILITY:20
PROTECTION_ENVIRONMENTAL:15",,,,,,,,,,,,,,,,,14.0,14.0,,,8.0,+30%,,,,,,,,,,,,,,,,,,,,,,,,,,,,,
StoneofJordan,DIAMOND,,&5&lStone of Jordan,"&5&oNot pretty enough to be a ring.

&9Grants regeneration

&9[Angelic]
&9[Offhand, Trinket]",,,,,,,,,,5.0,5.0,+10%,5.0,12.0,+10%,,+10%,,,,,,,,,,,,,,,,,,,,,,,,,,,,,,,,,,,
FireLighter,BOW,,&5&lFire Lighter,"&5&oHow else would you light the way?

&9[Nether]
&9[Ranged, Bow]","ARROW_DAMAGE:20
DURABILITY:10
ARROW_FIRE:10
ARROW_KNOCKBACK:2",4.0,4.0,,,4.0,,,+10%,,,,,,,,,,,,,,,,,,,,,,,,,,,,,,,,,,,,,,,,,,,
DrownyardChest,LEATHER_CHESTPLATE,,&fdrownyard,,,,,,,,,,,,,,,,,,,,,,,,,,,,,,,,,,,,,,,,,,,,,,,,,,,True,"50,200,200",
DrownyardLegs,LEATHER_LEGGINGS,,&fdrownyard,,,,,,,,,,,,,,,,,,,,,,,,,,,,,,,,,,,,,,,,,,,,,,,,,,,True,"50,200,200",
DrownyardFeet,LEATHER_BOOTS,,&fdrownyard,,DEPTH_STRIDER:3,,,,,,,,,,,,,,,,,,,,,,,,,,,,,,,,,,,,,,,,,,,,,,,,,True,"50,200,200",
DrownyardToken,PRISMARINE_CRYSTALS,0.0,&c&l&nDrownyard Bubbles,&c&oCurrency used for Delloran Drownyard dungeon items.,,,,,,,,,,,,,,,,,,,,,,,,,,,,,,,,,,,,,,,,,,,,,,,,,,,,
GlassShard,PRISMARINE_SHARD,0.0,&2&lShaped Glass Shard,"&2&oTake your chances.

&9[Undead]
&9[Offhand, Trinket]",,,,,,,,,,,,,15.0,-15.0,,,,,,,,,,,,,,,,,,,,,,,,,,,,,,,,,,,,,,
WateryBrew,POTION,8201.0,&2&lWatery Brew,,,,,,,,,,,,,,,,,,,,,,,,,,,,,,,,,,,,,,,,,,,,,,,,,,,,"100,200,250",
WaterShielding,POTION,8201.0,&2&lWater Shielding,,,,,,,,,,,,,,,,,,,,,,,,,,,,,,,,,,,,,,,,,,,,,,,,,,,,"50,50,250",
Bulwark,SHIELD,,&2&lBulwark,"
&9[Angelic]
&9[Offhand, Shield]",DURABILITY:15,,,,,,,,,20.0,20.0,-10%,,20.0,,,-10%,,,,,,,,,,,,,,,,,,,,,,,,,,,,,,,,,,,
MarinersTrident,TRIDENT,0.0,&2&lMariner<&sq>s Trident,"
&9Grants swim speed

&9[Aishan]
&9[Melee/Ranged, Trident]","DURABILITY:10
DAMAGE_ALL:25
LOYALTY:3
IMPALING:20",,20.0,,25.0,,,,,,,,,,,,,,,,,,,,,,,,,,,,,,,,,,,,,,,,,,,,,,,
LostShoes,DIAMOND_BOOTS,0.0,&2&lLost Shoes,"&2&oThey are covered in kelp and seagrass.

&9[Undead]
&9[Armor, Boots]","DURABILITY:15
DEPTH_STRIDER:5
PROTECTION_ENVIRONMENTAL:18
PROTECTION_PROJECTILE:18",,,,,,,,,,,,,,,,,,,,,,,,,,,,,,,,,,,,,,,,,20.0,20.0,-10%,,,+50%,,-10%,,,
PrismarineBreastplate,DIAMOND_CHESTPLATE,0.0,&2&lPrismarine Breastplate,"
&9[Aishan]
&9[Armor, Chestplate]","PROTECTION_FIRE:18
DURABILITY:10
PROTECTION_ENVIRONMENTAL:18",,,,,,,,,,,,,,,,,,,,,,,,,20.0,20.0,,,10.0,,,,,,,,,,,,,,,,,,,,,,
LaudaMemento1,IRON_AXE,,&e&lButcher<&sq>s Favorite Cleaver,"
&eMemento",,,,,,,,,,,,,,,,,,,,,,,,,,,,,,,,,,,,,,,,,,,,,,,,,,,,
LaudaMemento2,COOKED_SALMON,,&e&lChef<&sq>s Smoked Salmon,"
&eMemento",,,,,,,,,,,,,,,,,,,,,,,,,,,,,,,,,,,,,,,,,,,,,,,,,,,,
LaudaMemento3,PUMPKIN_PIE,,&e&lMayor<&sq>s Family Pie,"
&eMemento",,,,,,,,,,,,,,,,,,,,,,,,,,,,,,,,,,,,,,,,,,,,,,,,,,,,
LaudaMemento4,LEATHER_LEGGINGS,,&e&lMr. Lewis<&sq>s Lucky Pants,"
&eMemento",,,,,,,,,,,,,,,,,,,,,,,,,,,,,,,,,,,,,,,,,,,,,,,,,,,,
LaudaMemento5,TRIPWIRE_HOOK,,&e&lSecret Storage Key,"
&eMemento",,,,,,,,,,,,,,,,,,,,,,,,,,,,,,,,,,,,,,,,,,,,,,,,,,,,
LaudaMemento6,LIGHTNING_ROD,,&e&lMrs. Taylor<&sq>s Walking Stick,"
&eMemento",,,,,,,,,,,,,,,,,,,,,,,,,,,,,,,,,,,,,,,,,,,,,,,,,,,,
LaudaMemento7,IRON_PICKAXE,,&e&lBlacksmith<&sq>s Good Hammer,"
&eMemento",,,,,,,,,,,,,,,,,,,,,,,,,,,,,,,,,,,,,,,,,,,,,,,,,,,,
LaudaMemento8,CROSSBOW,,&e&lLongest Range Crossbow,"
&eMemento",,,,,,,,,,,,,,,,,,,,,,,,,,,,,,,,,,,,,,,,,,,,,,,,,,,,
LaudaMemento9,RABBIT_FOOT,,&e&lThe Secret Ingredient,"
&eMemento",,,,,,,,,,,,,,,,,,,,,,,,,,,,,,,,,,,,,,,,,,,,,,,,,,,,
LaudaMemento10,BOOK,,&e&lLibrarian<&sq>s Favorite Book,"
&eMemento",,,,,,,,,,,,,,,,,,,,,,,,,,,,,,,,,,,,,,,,,,,,,,,,,,,,
LaudaMemento11,WHEAT_SEEDS,,&e&lNext Year<&sq>s Seeds,"
&eMemento",,,,,,,,,,,,,,,,,,,,,,,,,,,,,,,,,,,,,,,,,,,,,,,,,,,,
LaudaMemento12,Potion,8204.0,&e&lMr. Robinson<&sq>s Bottle of Rum,"
&eMemento",,,,,,,,,,,,,,,,,,,,,,,,,,,,,,,,,,,,,,,,,,,,,,,,,,,,
LaudaToken,ROTTEN_FLESH,,&e&l&nUndead Flesh,&e&oCurrency used to buy supplies.,,,,,,,,,,,,,,,,,,,,,,,,,,,,,,,,,,,,,,,,,,,,,,,,,,,,
LaudaBow1,BOW,0.0,&fBow,,"ARROW_DAMAGE:54
ARROW_KNOCKBACK:1",,,,,,,,,,,,,,,,,,,,,,,,,,,,,,,,,,,,,,,,,,,,,,,,,,,
LaudaBow2,BOW,0.0,&fBow,,"ARROW_DAMAGE:64
ARROW_KNOCKBACK:2",,,,,,,,,,,,,,,,,,,,,,,,,,,,,,,,,,,,,,,,,,,,,,,,,,,
LaudaShield,SHIELD,,&bShield,,DURABILITY:10,,,,,,,,,5.0,5.0,,,5.0,,,,,,,,,,,,,,,,,,,,,,,,,,,,,,,,,,,,,,
MidnightElixir,POTION,8201.0,&1&lElixir of Midnight,,,,,,,,,,,,,,,,,,,,,,,,,,,,,,,,,,,,,,,,,,,,,,,,,,,,"100,50,250",
Exterminator,DIAMOND_SWORD,,&1&lExterminator,"
&9[NONE]
&9[Melee, Sword]","DAMAGE_ARTHROPODS:28
SWEEPING_EDGE:18
DURABILITY:18",,,+10%,20.0,,,,,,,+10%,20.0,,,,,,,,,,,,,,,,,,,,,,,,,,,,,,,,,,,,,,,
LawBreaker,DIAMOND_AXE,,&1&lLaw Breaker,"
&9[Undead]
&9[Melee, Axe]","DAMAGE_ALL:32
DURABILITY:16",-7.0,-7.0,-50%,25.0,-7.0,,,,,,,,,,,,,,,,,,,,,,,,,,,,,,,,,,,,,,,,,,,,,,
SettlersHelm,DIAMOND_HELMET,,&1&lSettler<&sq>s Helm,"
&9[Angelic]
&9[Armor, Helmet]","PROTECTION_ENVIRONMENTAL:23
PROTECTION_PROJECTILE:17
DURABILITY:15",,,,,,,,,,,,,,,,,23.0,23.0,,,,-50%,,+10%,,,,,,,,,,,,,,,,,,,,,,,,,,,
BoneMarrow,Bone_Meal,,&1&lBone Marrow,"&1&oIt<&sq>s good for you!

&9Grants slow fall and night vision

&9[Angelic]
&9[Offhand, Trinket]",,,,,,,,,,,,+20%,,20.0,,,+20%,,,,,,,,,,,,,,,,,,,,,,,,,,,,,,,,,,,
CorpseChaser,SHIELD,,&1&lCorpse Chaser,"&1&oGive them hell.

&9[Undead]
&9[Offhand, Shield]",DURABILITY:25,,,,,,,,,20.0,20.0,+10%,10.0,10.0,,,-10%,,,,,,,,,,,,,,,,,,,,,,,,,,,,,,,,,,,
Chopper,BOW,0.0,&5&lChopper,"&5&oGet to it.

&9DO NOT SWAP TO OTHER ITEMS
&9WHILE FIRING! THEY WILL DELETE!

&9[Ender]
&9[Ranged, Bow]","ARROW_DAMAGE:42
DURABILITY:30
ARROW_INFINITE:1",5.0,5.0,,,,+25%,,+25%,,,+25%,15.0,,,,,,,,,,,,,,,,,,,,,,,,,,,,,,,,,,,,,,,
PrincesInvitation,DIAMOND_HOE,,&5&lPrince<&sq>s Invitation,"&5&oHe invited himself to Lauda.

&9[Angelic]
&9[Melee, Sickle]","DAMAGE_ALL:30
DAMAGE_UNDEAD:20
DURABILITY:15
FIRE_ASPECT:10",10.0,10.0,,30.0,,,,,,,,30.0,,,,,,,,,,,,,,,,,,,,,,,,,,,,,,,,,,,,,,,
MayorsLegs,DIAMOND_LEGGINGS,0.0,&5&lMayor<&sq>s Pants,"&5&oYou have the power to save them.

&9[Angelic]
&9[Armor, Leggings]","DURABILITY:20
PROTECTION_ENVIRONMENTAL:25",,,,,,,,,,,+20%,,,,,+30%,,,,,,,,,,,,,,,,,20.0,20.0,+10%,,16.0,,,+10%,,,,,,,,,,,
RottenHeart,FERMENTED_SPIDER_EYE,,&5&lRotten Heart,"&5&oIt stopped beating long ago...

&9Heals you over time

&9[Undead]
&9[Offhand, Trinket]",,,,,,,,,,5.0,5.0,,20.0,-10.0,,,,,,,,,,,,,,,,,,,,,,,,,,,,,,,,,,,,,,
Phantom2,DIAMOND_SWORD,,&5&lShining Phantom,"&5&oHere, light only exists to cast shadow.

&9Blinds enemies you hit
&9Makes you invisible

&9[Undead]
&9[Melee, Sword]","DURABILITY:20
DAMAGE_ALL:18
DAMAGE_UNDEAD:15
DAMAGE_ARTHROPODS:15
SWEEPING_EDGE:18",,,+25%,25.0,12.0,,,+25%,,,,,,,,,,,,,,,,,,,,,,,,,,,,,,,,,,,,,,,,,,,
WolfFlesh,MUTTON,,&4&lWolf Flesh,&4&oNeeded to open the Lower Tavern and Inn,,,,,,,,,,,,,,,,,,,,,,,,,,,,,,,,,,,,,,,,,,,,,,,,,,,,
CottageKey,STICK,,&4&lCottage Key,&4&oTwo are needed to open Cottages 1 & 2,,,,,,,,,,,,,,,,,,,,,,,,,,,,,,,,,,,,,,,,,,,,,,,,,,,,
BearFur,FEATHER,,&4&lBear Fur,"&4&oNeeded to open the Upper Tavern and Inn
&4&oand Cottages 3 & 4",,,,,,,,,,,,,,,,,,,,,,,,,,,,,,,,,,,,,,,,,,,,,,,,,,,,
EstatesKey,Gold_Ingot,,&4&lEstates Key,&4&oNeeded to open the Lothera Estate,,,,,,,,,,,,,,,,,,,,,,,,,,,,,,,,,,,,,,,,,,,,,,,,,,,,
Estate1,Dried_Kelp,,&4&lThing Under the Stairs,&4&oNeeded to escape the Lothera Estate,,,,,,,,,,,,,,,,,,,,,,,,,,,,,,,,,,,,,,,,,,,,,,,,,,,,
Estate2,Cookie,,&4&lDelicious Cookie,&4&oNeeded to escape the Lothera Estate,,,,,,,,,,,,,,,,,,,,,,,,,,,,,,,,,,,,,,,,,,,,,,,,,,,,
Estate3,Flower_Pot,,&4&lBalcony Flower Pot,&4&oNeeded to escape the Lothera Estate,,,,,,,,,,,,,,,,,,,,,,,,,,,,,,,,,,,,,,,,,,,,,,,,,,,,
Estate4,Red_Wool,,&4&lComfy Pillow,&4&oNeeded to escape the Lothera Estate,,,,,,,,,,,,,,,,,,,,,,,,,,,,,,,,,,,,,,,,,,,,,,,,,,,,
Estate5,Creeper_Head,,&4&lCreeper Head,&4&oNeeded to escape the Lothera Estate,,,,,,,,,,,,,,,,,,,,,,,,,,,,,,,,,,,,,,,,,,,,,,,,,,,,
Estate6,Book,,&4&lPrince<&sq>s Favorite Book,&4&oNeeded to escape the Lothera Estate,,,,,,,,,,,,,,,,,,,,,,,,,,,,,,,,,,,,,,,,,,,,,,,,,,,,
Estate7,Ender_Eye,,&4&lBall of Whispers,&4&oNeeded to escape the Lothera Estate,,,,,,,,,,,,,,,,,,,,,,,,,,,,,,,,,,,,,,,,,,,,,,,,,,,,
Estate8,Glass_Bottle,,&4&lEmpty Bottle of Vodka,&4&oNeeded to escape the Lothera Estate,,,,,,,,,,,,,,,,,,,,,,,,,,,,,,,,,,,,,,,,,,,,,,,,,,,,
Estate9,Cooked_Chicken,,&4&lLate Night Snack,&4&oNeeded to escape the Lothera Estate,,,,,,,,,,,,,,,,,,,,,,,,,,,,,,,,,,,,,,,,,,,,,,,,,,,,
StraightJacket,DIAMOND_CHESTPLATE,,&5&lStraight Jacket,"&5&oInsanity is today<&sq>s specialty.

&9[Nether]
&9[Armor, Chestplate]","PROTECTION_ENVIRONMENTAL:30
THORNS:5
DURABILITY:25",,,,,,,,,,,,,,,,,,,,,,,,,,,,,,,,,30.0,30.0,,10.0,,-25%,,-25%,,,,,,,,,,,
PeasantsShoes,DIAMOND_BOOTS,,&5&lPeasant<&sq>s Shoes,"&5&oThey never had a chance.

&9[Angelic]
&9[Armor, Boots]","PROTECTION_ENVIRONMENTAL:27
DURABILITY:20",,,,,,,,,,,,,,,,,,,,,,,,,,,,,,,,,15.0,50.0,,,20.0,,,,,,,,,,,,,,
GraveDigger,NETHERITE_SHOVEL,0.0,&5&lGrave Digger,"&5&oThere are 13 tally marks on the side.

&9[Undead]
&9[Melee, Shovel]","DAMAGE_ALL:40
DAMAGE_ARTHROPODS:25
DURABILITY:25",12.0,12.0,+10%,45.0,,,,,,,,,,,,,,,,,,,,,,,,,,,,,,,,,,,,,,,,,,,,,,,
ThePoacher,BOW,0.0,&5&lThe Poacher,"&5&oThose peasants aren<&sq>t going to
&5&oshoot themselves.

&9[Undead]
&9[Ranged, Bow]","ARROW_DAMAGE:50
DURABILITY:35
ARROW_INFINITE:1",15.0,15.0,,,,+50%,,+10%,,,,,,,,,,,,,,,,,,,,,,,,,,,,,,,,,,,,,,,,,,,
SanguineHunger,SHIELD,,&5&lSanguine Hunger,"&5&oDrink up...

&9Grants regeneration

&9[Ender]
&9[Offhand, Shield]",DURABILITY:30,,,,,,,,,25.0,35.0,,,20.0,+50%,,,,,,,,,,,,,,,,,,,,,,,,,,,,,,,,,,,,,
RoyalDress,DIAMOND_LEGGINGS,,&5&lRoyal Dress,"&5&o""It wasn<&sq>t my fault. I simply did
&5&oas I was told.""
&5&o-Prince of Estelle

&9[Ender]
&9[Armor, Leggings]","PROTECTION_ENVIRONMENTAL:35
PROTECTION_FALL:10
PROTECTION_FIRE:10
PROTECTION_PROJECTILE:10
DURABILITY:30",,,,,,,,,,,,,,,,,,,,,,,,,,,,,,,,,15.0,15.0,,15.0,,,,,,,,,,,,,,,
TheGuillotine,DIAMOND_AXE,0.0,&5&lThe Guillotine,"&5&oHeads will roll.

&9[Nether]
&9[Melee, Axe]","DAMAGE_ALL:60
DURABILITY:20",18.0,18.0,-15%,60.0,-10.0,,,+15%,,,,,,,,,,,,,,,,,,,,,,,,,,,,,,,,,,,,,,,,,,,
Ripclaw,NETHERITE_HOE,0.0,&5&lRipclaw,"&5&oSuffering is the sweatest sound.

&9Enemies hit bleed and are slowed

&9[Undead]
&9[Melee, Sickle]","DAMAGE_ALL:50
DURABILITY:20",12.0,12.0,+15%,50.0,12.0,+25%,,,,,,50.0,24.0,,,,,,,,,,,,,,,,,,,,,,,,,,,,,,,,,,,,,,
StringsofFrailty,STRING,,&5&lStrings of Frailty,"&5&oGrapple with your existence.

&9[Ender]
&9[Offhand, Trinket]",,,,,,,,,,30.0,30.0,+30%,30.0,-20.0,+30%,,-20%,,,,,,,,,,,,,,,,,,,,,,,,,,,,,,,,,,,
PyramidToken,GLOWSTONE_DUST,,&c&l&nPyramid Dust,&c&oCurrency used for Sunken Pyramid dungeon items.,,,,,,,,,,,,,,,,,,,,,,,,,,,,,,,,,,,,,,,,,,,,,,,,,,,,
PyramidChest,LEATHER_CHESTPLATE,,&fdrownyard,,,,,,,,,,,,,,,,,,,,,,,,,,,,,,,,,,,,,,,,,,,,,,,,,,,True,"250,220,150",
PyramidLegs,LEATHER_LEGGINGS,,&fdrownyard,,,,,,,,,,,,,,,,,,,,,,,,,,,,,,,,,,,,,,,,,,,,,,,,,,,True,"250,220,150",
PyramidBoots,LEATHER_BOOTS,,&fdrownyard,,,,,,,,,,,,,,,,,,,,,,,,,,,,,,,,,,,,,,,,,,,,,,,,,,,True,"250,220,150",
ExuberantHealingPotion,SPLASH_POTION,16389.0,&2&lExuberant Healing Potion,,,,,,,,,,,,,,,,,,,,,,,,,,,,,,,,,,,,,,,,,,,,,,,,,,,,"250,50,50",
VialofSand,POTION,8201.0,&2&lVial of Sand,,,,,,,,,,,,,,,,,,,,,,,,,,,,,,,,,,,,,,,,,,,,,,,,,,,,"200,200,100",
PharaohCrown,NETHERITE_HELMET,,&2&lPharaoh<&sq>s Crown,"
&9[Angelic]
&9[Armor, Helmet]","PROTECTION_ENVIRONMENTAL:40
PROTECTION_PROJECTILE:30
DURABILITY:40",,,,,,,,,,,,,,,,,45.0,45.0,+25%,,,,,-15%,,,,,,,,,,,,,,,,,,,,,,,,,,,
CampbellsPrize,GOLDEN_SWORD,,&2&lCampbell<&sq>s Prize,"&2&o""Slay with firey vengeance.""
&2&o-Catherine Campbell

&9[Nether]
&9[Melee, Sword]","DURABILITY:50
DAMAGE_ALL:70
FIRE_ASPECT:30
SWEEPING_EDGE:30",-7.0,-7.0,+25%,70.0,,,,,,,,,,,,,,,,,,,,,,,,,,,,,,,,,,,,,,,,,,,,,,,
RustedAxe,IRON_AXE,,&2&lRusted Axe,"
&9[Undead]
&9[Melee, Axe]","DURABILITY:35
DAMAGE_ALL:65
DAMAGE_UNDEAD:35",30.0,30.0,-20%,60.0,-10.0,,,,,,,,,,,,,,,,,,,,,,,,,,,,,,,,,,,,,,,,,,,,,,
GuardianLeggings,NETHERITE_LEGGINGS,,&2&lGuardian Leggings,"
&9[Aishan]
&9[Armor, Leggings]","PROTECTION_ENVIRONMENTAL:40
PROTECTION_FIRE:25
PROTECTION_PROJECTILE:25
DURABILITY:30",,,,,,,,,,,,,,,,,,,,,,,,,,,,,,,,,45.0,45.0,,,15.0,,,+10%,,,,,,,,,,,
InvasionBow1,BOW,0.0,&fBow,,ARROW_DAMAGE:100,,,,,,,,,,,,,,,,,,,,,,,,,,,,,,,,,,,,,,,,,,,,,,,,,,,
InvasionBow2,BOW,0.0,&fBow,,"ARROW_DAMAGE:120
ARROW_KNOCKBACK:1",,,,,,,,,,,,,,,,,,,,,,,,,,,,,,,,,,,,,,,,,,,,,,,,,,,
InvasionToken,GOLD_INGOT,0.0,&e&l&nKill Token,&e&oCurrency used to buy supplies.,,,,,,,,,,,,,,,,,,,,,,,,,,,,,,,,,,,,,,,,,,,,,,,,,,,,
MedalofValor,bell,,&e&l&nMedal of Valor,"&e&oCurrency used for the Invasion of Haven-Meadow
&e&oValley event items.",,,,,,,,,,,,,,,,,,,,,,,,,,,,,,,,,,,,,,,,,,,,,,,,,,,,
AthrynnsHand,BOW,0.0,&1&lAthrynn<&sq>s Hand,"
&9[NONE]
&9[Ranged, Bow]","ARROW_DAMAGE:80
ARROW_KNOCKBACK:1",,,,,,,,+20%,,,,,,,,,,,,,,,,,,,,,,,,,,,,,,,,,,,,,,,,,,,
StrengthoftheStalwart,POTION,8201.0,&1&lStrength of the Stalwart,,,,,,,,,,,,,,,,,,,,,,,,,,,,,,,,,,,,,,,,,,,,,,,,,,,,"50,150,150",
CrusadersSafeguard,SHIELD,,&1&lCrusader<&sq>s Safeguard,"&1&oMay she bless you in battle.

&9[Angelic]
&9[Offhand, Shield]",,,,,,,,,,55.0,55.0,-15%,,40.0,,,+15%,,,,,,,,,,,,,,,,,,,,,,,,,,,,,,,,,True,,
GlisteningAxe,DIAMOND_AXE,,&1&lGlistening Axe,"
&9[Ender]
&9[Melee, Axe]","DURABILITY:25
DAMAGE_ALL:90
DAMAGE_UNDEAD:50",-30.0,,-15%,90.0,15.0,,,,,,,,,,,,,,,,,,,,,,,,,,,,,,,,,,,,,,,,,,,,,,
BattlewornHelm,DIAMOND_HELMET,,&1&lBattle-Worn Helm,"
&9[Undead]
&9[Armor, Helmet]","PROTECTION_ENVIRONMENTAL:60
PROTECTION_PROJECTILE:25",,,,,,,,,,,,,,,,,55.0,55.0,+10%,-20.0,20.0,,,,,,,,,,,,,,,,,,,,,,,,,,,,True,,
ScrapsofWar,Netherite_Scrap,,&1&lScraps of War,"&1&oWar is not as glorious as they believe.

&9[Nether]
&9[Offhand, Trinket]",,,,,,,,,,-15.0,-15.0,+15%,65.0,25.0,,,-15%,,,,,,,,,,,,,,,,,,,,,,,,,,,,,,,,,,,
Phantom3,NETHERITE_SWORD,,&5&lRoaring Phantom,"&5&oFollow me into the abyss.

&9Blinds enemies you hit
&9Makes you invisible and grants jump boost

&9[Undead]
&9[Melee, Sword]","DURABILITY:25
DAMAGE_ALL:75
DAMAGE_UNDEAD:20
DAMAGE_ARTHROPODS:20
SWEEPING_EDGE:25",,20.0,+25%,75.0,20.0,,,+25%,,,,,,,,,,,,,,,,,,,,,,,,,,,,,,,,,,,,,,,,,,,
KnightTreads,IRON_BOOTS,,&5&lKnight Treads,"&5&oWorn by the valiant.

&9[Angelic]
&9[Armor, Boots]","PROTECTION_ENVIRONMENTAL:60
PROTECTION_FALL:10
THORNS:25",,,,,,,,,,,,,,,,,,,,,,,,,,,,,,,,,,,,,,,,,60.0,60.0,,,,,,+10%,True,,
CannonSoot,Charcoal,,&5&lCannon Soot,"&5&oBy fire be purged.

&9[Undead]
&9[Offhand, Trinket]",,,,,,,,,,35.0,35.0,-25%,25.0,25.0,,,,,,,,,,,,,,,,,,,,,,,,,,,,,,,,,,,,,,
TaintedFieldsToken,Wheat,,&c&l&nPlagued Grain,&c&oCurrency used for Tainted Fields dungeon items.,,,,,,,,,,,,,,,,,,,,,,,,,,,,,,,,,,,,,,,,,,,,,,,,,,,,
TaintedFieldsStack,Hay_Block,,&c&l&nDiseased Hay,&c&oCurrency used for Tainted Fields dungeon items.,,,,,,,,,,,,,,,,,,,,,,,,,,,,,,,,,,,,,,,,,,,,,,,,,,,,
LegShredder,Shears,,&2&lLeg Shredder,"
&9Enemies hit are slowed and bleed.

&9[NONE]
&9[Melee, Shears]",DAMAGE_ALL:100,-20.0,,,100.0,20.0,,,+10%,,,,,,,,,,,,,,,,,,,,,,,,,,,,,,,,,,,,,,,,,True,,
PestController,BOW,0.0,&2&lPest Controller,"
&9[NONE]
&9[Ranged, Bow]","ARROW_DAMAGE:120
ARROW_KNOCKBACK:2
DURABILITY:20
ARROW_INFINITE:1",,50.0,,,10.0,,,+10%,,,,,,,,,,,,,,,,,,,,,,,,,,,,,,,,,,,,,,,,,,,
ScarecrowVest,LEATHER_CHESTPLATE,,&2&lScarecrow Vest,"
&9[NONE]
&9[Armor, Chestplate]",PROTECTION_ENVIRONMENTAL:70,,,,,,,,,,,,,,,,,,,,,,,,,70.0,70.0,,,15.0,+25%,,-10%,,,,,,,,,,,,,,,,,True,,
OldHoe,IRON_HOE,,&2&lOld Hoe,"
&9[NONE]
&9[Melee, Sickle]","DAMAGE_ALL:100
DAMAGE_UNDEAD:25
DAMAGE_ARTHROPODS:25
DURABILITY:30",-15.0,-15.0,+15%,100.0,15.0,,,+15%,,,,,,,,,,,,,,,,,,,,,,,,,,,,,,,,,,,,,,,,,,,
CasperBow,BOW,0.0,&fBow,,"ARROW_DAMAGE:200
ARROW_KNOCKBACK:1",,,,,,,,,,,,,,,,,,,,,,,,,,,,,,,,,,,,,,,,,,,,,,,,,,,
CaspersGenerosity,gold_nugget,,&e&l&nCasper<&sq>s Generosity,&e&oCurrency for the pre-gauntlet shop.,,,,,,,,,,,,,,,,,,,,,,,,,,,,,,,,,,,,,,,,,,,,,,,,,,,,
GauntletTrophy,gold_block,,&e&l&nGauntlet Trophy,&e&oCurrency used for Casper<&sq>s Gauntlet event items.,,,,,,,,,,,,,,,,,,,,,,,,,,,,,,,,,,,,,,,,,,,,,,,,,,,,
CaspersCocktail,POTION,8201.0,&1&lCasper<&sq>s Cocktail,,,,,,,,,,,,,,,,,,,,,,,,,,,,,,,,,,,,,,,,,,,,,,,,,,,,"250,150,150",
WinnersSignet,Emerald,,&1&lWinner<&sq>s Signet,"&1&oDon<&sq>t come back if you aren<&sq>t holding
&1&oone of these.

&9[Aishan]
&9[Offhand, Trinket]",,,,,,,,,,,40.0,+10%,20.0,20.0,+25%,,+10%,,,,,,,,,,,,,,,,,,,,,,,,,,,,,,,,,,,
MillionDollarShoes,GOLDEN_BOOTS,,&1&lMillion Dollar Shoes,"&1&oNow with extra shine.

&9[Nether]
&9[Armor, Boots]","PROTECTION_ENVIRONMENTAL:75
PROTECTION_FALL:10",,,,,,,,,,,,,,,,,,,,,,,,,,,,,,,,,,,,,,,,,80.0,70.0,,25.0,-25.0,-25%,,+10%,True,,
ProofofVictory,SHIELD,,&1&lProof of Victory,"
&9[Aishan]
&9[Offhand, Shield]",,,,,,,,,,75.0,75.0,+15%,30.0,,+25%,,+15%,,,,,,,,,,,,,,,,,,,,,,,,,,,,,,,,,True,,
VIPsVest,NETHERITE_CHESTPLATE,,&1&lVIP<&sq>s Vest,"&1&oEngraved with diamonds and coated
&1&oin the Nether<&sq>s finest netherite.

&9[Nether]
&9[Armor, Chestplate]","PROTECTION_ENVIRONMENTAL:85
PROTECTION_PROJECTILE:50",,,,,,,,,,,,,,,,,,,,,,,,,75.0,85.0,-15%,20.0,,,,,,,,,,,,,,,,,,,,,True,,
EsteemedBlade,DIAMOND_SWORD,,&1&lEsteemed Blade,"
&9[Angelic]
&9[Melee, Sword]","DURABILITY:30
DAMAGE_ALL:120
DAMAGE_ARTHROPODS:30
SWEEPING_EDGE:50",30.0,30.0,+10%,115.0,10.0,,,,,,,,,,,,,,,,,,,,,,,,,,,,,,,,,,,,,,,,,,,,,,
CaspersHeirloom,GOLDEN_SWORD,,&1&lCasper<&sq>s Heirloom,"
&9[Nether]
&9[Melee, Sword]
&9[Melee, Axe]
&9[Melee, Sickle]
&9[Melee, Pickaxe]
&9[Melee, Shovel]
&9[Melee, Shears]
&9[Offhand, Trinket]
&9[Offhand, Shield]",,,,,15.0,,,,,,,,15.0,,,,,,,,,,,,,,,,,,,,,,,,,,,,,,,,,,,,,,,
HeavensGift,white_candle,,&4&l&nHeaven<&sq>s Gift,&4&oCurrency used for Palatial Cathedral raid items.,,,,,,,,,,,,,,,,,,,,,,,,,,,,,,,,,,,,,,,,,,,,,,,,,,,,
PrayerBook,book,,&5&lPrayer Book,"&5&oSins don<&sq>t last forever.

&9[Angelic]
&9[Offhand, Trinket]",,,,,,,,,,,60.0,,-20.0,60.0,,,,,,,,,,,,,,,,,,,,,,,,,,,,,,,,,,,,,,
WingedCrown,golden_helmet,,&5&lWinged Crown,"&5&oWhere death fears to tread.

&9[Angelic]
&9[Armor, Helmet]","PROTECTION_ENVIRONMENTAL:85
PROTECTION_PROJECTILE:50
THORNS:30",,,,,,,,,,,,,,,,,75.0,75.0,-10%,-10.0,40.0,,,+20%,,,,,,,,,,,,,,,,,,,,,,,,,True,,
Resolution,iron_chestplate,,&5&lResolution,"&5&oCome back when you are worthy...

&9[Aishan]
&9[Armor, Chestplate]","PROTECTION_ENVIRONMENTAL:95
PROTECTION_FIRE:10",,,,,,,,,,,,,,,,,95.0,50.0,-10%,,,,,-10%,,,,,,,,,,,,,,,,,,,,,,,,,True,,
SickleoftheDeadRealm,golden_hoe,,&5&lSickle of the Dead Realm,"&5&oCome back when you are rotten and ready.

&9Slows enemies you hit.

&9[Undead]
&9[Melee, Sickle]","KNOCKBACK:2
DAMAGE_ALL:135
DAMAGE_ARTHROPODS:25
DAMAGE_UNDEAD:25",25.0,25.0,,135.0,,,,-15%,,,,,,,,,,,,,,,,,,,,,,,,,,,,,,,,,,,,,,,,,True,,
SealedTome,enchanted_book,,&5&lSealed Tome,"&5&oIt<&sq>s knowledge is forbidden.

&9[Ender]
&9[Offhand, Trinket]",,,,,,,,,,-20.0,,+10%,60.0,,,,+10%,,,,,,,,,,,,,,,,,,,,,,,,,,,,,,,,,,,
LunalaisGown,diamond_leggings,,&5&lLunalai<&sq>s Gown,"&5&oHer gift was much better than Karellia<&sq>s.

&9[Aishan]
&9[Armor, Leggings]","PROTECTION_ENVIRONMENTAL:100
PROTECTION_FIRE:10
THORNS:10
PROTECTION_PROJECTILE:10",,,,,,,,,,,,,,,,,90.0,90.0,+5%,,10.0,,,+5%,,,,,,,,,,,,,,,,,,,,,,,,,True,,
Fleetfeatherboots,netherite_boots,,&5&lFleetfeather Boots,"&5&oIt takes tremendous power and great speed
&5&oto cross dimensions.

&9[Ender]
&9[Armor, Boots]",PROTECTION_ENVIRONMENTAL:100,,,,,,,,,,,,,,,,,100.0,80.0,,20.0,-20.0,,,+15%,,,,,,,,,,,,,,,,,,,,,,,,,True,,
KingdomCome,NETHERITE_SWORD,,&5&lKingdom Come,"&5&oEmpires rise and empires fall, but
&5&onothing lasts forever.

&9[Nether]
&9[Melee, Sword]","DURABILITY:30
DAMAGE_ALL:135
FIRE_ASPECT:30
SWEEPING_EDGE:50",-25.0,-25.0,,135.0,-25.0,,,+15%,,,,,,,,,,,,,,,,,,,,,,,,,,,,,,,,,,,,,,,,,,,
KarelliasBlessing,nether_star,,&5&lKarellia<&sq>s Blessing,"&5&oLong ago, Karellia built the Palatial Cathedral
&5&oin honor of her fallen mentor. It stood as a
&5&oshining beacon of faith and loyalty among the
&5&oAngels. Now, it stands as the gateway to a fallen,
&5&oburning world.

&9[Angelic]
&9[Offhand, Trinket]",,,,,,,,,,50.0,50.0,-30%,50.0,50.0,,,+10%,,,,,,,,,,,,,,,,,,,,,,,,,,,,,,,,,,,
PrisonYardsToken,Flint,,&c&l&nSharp Pebble,&c&oCurrency used for Prison Yards dungeon items.,,,,,,,,,,,,,,,,,,,,,,,,,,,,,,,,,,,,,,,,,,,,,,,,,,,,
PrisonYardsBlock,Netherite_ingot,,&c&l&nHeavy Brick,&c&oCurrency used for Prison Yards dungeon items.,,,,,,,,,,,,,,,,,,,,,,,,,,,,,,,,,,,,,,,,,,,,,,,,,,,,
ContrabandShiv,wooden_sword,,&2&lContraband Shiv,"
&9Makes enemies bleed
&9This effect does not transfer in combines

&9[NONE]
&9[Melee, Sword]",DAMAGE_ALL:145,-20.0,-20.0,+5%,145.0,,,,-15%,,,,,,,,,,,,,,,,,,,,,,,,,,,,,,,,,,,,,,,,,True,,
BarofSoap,white_dye,,&2&lBar of Soap,"&2&oDon<&sq>t drop it.

&9[NONE]
&9[Offhand, Trinket]",,,,,,,,,,40.0,40.0,+20%,-10.0,20.0,,,+20%,,,,,,,,,,,,,,,,,,,,,,,,,,,,,,,,,,,
ChainsofDomination,Chain,,&4&l&nChains of Domination,&4&oCurrency used for The Citadel raid items.,,,,,,,,,,,,,,,,,,,,,,,,,,,,,,,,,,,,,,,,,,,,,,,,,,,,
SoullessGroveToken,Purple_Dye,,&c&l&nWiggling Blob,&c&oCurrency used for Soulless Grove dungeon items.,,,,,,,,,,,,,,,,,,,,,,,,,,,,,,,,,,,,,,,,,,,,,,,,,,,,
SoullessGroveBlock,Popped_chorus_fruit,,&c&l&nPulsing Mass,&c&oCurrency used for Soulless Grove dungeon items.,,,,,,,,,,,,,,,,,,,,,,,,,,,,,,,,,,,,,,,,,,,,,,,,,,,,
SeasSilence,BOW,0.0,&b&lSea<&sq>s Silence,"&b&oAre you sure what you<&sq>re doing is worth it?

&9[Aishan]
&9[Ranged, Bow]","ARROW_DAMAGE:30
ARROW_INFINITE:1
DURABILITY:10",-6.0,16.0,,,,+25%,,,,,,,,,,,,,,,,,,,,,,,,,,,,,,,,,,,,,,,,,,,,,
EchoingMadness,DIAMOND_PICKAXE,,&b&lEchoing Madness,"&b&oDive into the mountains of madness.

&9[Undead]
&9[Offhand, Trinket]","DURABILITY:10
DIG_SPEED:7
LOOT_BONUS_BLOCKS:5
MENDING:1",,,,,,,,+10%,,,,,,,,,,,,,,,,,,,,,,,,,,,,,,,,,,,,,,,,,,,
SandsofTime,CLOCK,,&b&lSands of Time,"&b&oWhy waste time when you could control it?

&9Keeps you fed and healthy

&9[Angelic]
&9[Offhand, Trinket]",,,,,,,,,,15.0,15.0,+25%,,,+100%,,+25%,,,,,,,,,,,,,,,,,,,,,,,,,,,,,,,,,,,
PrincesCoronet,NETHERITE_HELMET,,&b&lPrince<&sq>s Coronet,"&b&oThe peasants of Lothera dined on the dead.
&b&oThe royalty of Lothera dined on the peasants.

&9Grants night vision

&9[Undead]
&9[Armor, Helmet]","PROTECTION_ENVIRONMENTAL:70
PROTECTION_PROJECTILE:30",,,,,,,,,,,,,,,,,70.0,70.0,,,30.0,+25%,,-10%,,,,,,,,,,,,,,,,,,,,,,,,,True,,
IckyCookie,cookie,,&b&lIcky Cookie,"&b&oWhy is it sticky?

&9Can be used in an item grind as a substitute
&9for any item type.

&9[Special]",,,,,,,,,,,,,,,,,,,,,,,,,,,,,,,,,,,,,,,,,,,,,,,,,,,,
BaneoftheDominions,IRON_AXE,,&b&lBane of The Dominions,"&b&oThe higher the pride, the harder the fall.

&9Hits slow enemies and make them bleed

&9[Undead]
&9[Melee, Axe]",DAMAGE_ALL:150,,-60.0,+10%,150.0,40.0,,,,,,,,,,,,,,,,,,,,,,,,,,,,,,,,,,,,,,,,,,,,True,,
TheAvenger,DIAMOND_SWORD,,&b&lThe Avenger,"&b&o""You<&sq>ll pay for that Lunalai.""
&b&o-Archangel Karellia

&9[Angelic]
&9[Melee, Sword]","DAMAGE_ALL:45
DAMAGE_UNDEAD:25
DAMAGE_ARTHROPODS:25
SWEEPING_EDGE:40
MENDING:1",20.0,20.0,+10%,55.0,20.0,+50%,,,,,,,,,,,,,,,,,,,,,,,,,,,,,,,,,,,,,,,,,,,,,
AugustinesPrize,ELYTRA,,&b&lAugustine<&sq>s Prize,"&b&oIt doesn<&sq>t belong to you or to him.

&9[Ender]
&9[Armor, Chestplate]","DURABILITY:15
PROTECTION_ENVIRONMENTAL:15
PROTECTION_FIRE:15
PROTECTION_PROJECTILE:15
PROTECTION_EXPLOSIONS:15
MENDING:1",,,,,,,,,,,,,,,,,,,,,,,,,15.0,15.0,,,-10.0,+25%,,+10%,,,,,,,,,,,,,,,,,,,
ThePowerCore,heart_of_the_sea,,&b&lThe Power Core,"&b&oQueen Lunalai<&sq>s greatest discovery.

&9Can be consumed to add 100% of its stats
&9to an item of one of the associate types.

&9[Aishan]
&9[Offhand, Trinket]
&9[Offhand, Shield]
&9[Melee, Sword]
&9[Ranged, Bow]
&9[Armor, Helmet]
&9[Armor, Chestplate]",,,,,20.0,,,,,,,,20.0,,,,,,,,20.0,,,,,,,,20.0,,,,,,,,,,,,,,,,,,,,,,,
CellBuster,Netherite_Axe,,&b&lCell Buster,"&b&o""Where is E102!?""

&9[Nether]
&9[Melee, Axe]","DURABILITY:30
DAMAGE_ALL:100
FIRE_ASPECT:50
DAMAGE_ARTHROPODS:65",40.0,40.0,-50%,100.0,-20.0,+50%,,+10%,,,,,,,,,,,,,,,,,,,,,,,,,,,,,,,,,,,,,,,,,,,
FleshGrinder,Netherite_Axe,,&b&lFlesh Grinder,"&b&oBring humanity to their knees.

&9Grants resistance

&9[Undead]
&9[Melee, Axe]","DURABILITY:40
DAMAGE_ALL:90
DAMAGE_ARTHROPODS:40",-50.0,40.0,,90.0,20.0,,,+10%,,,,,,,,,,,,,,,,,,,,,,,,,,,,,,,,,,,,,,,,,,,
DefenderofFaith,DIAMOND_SWORD,,&b&lDefender of Faith,"&b&o""You<&sq>ll never break my city or my people.""
&b&o-Queen Lunalai

&9Grants damage resistance

&9[Aishan]
&9[Melee, Sword]","DAMAGE_ALL:55
SWEEPING_EDGE:30
DURABILITY:30
LOOT_BONUS_MOBS:5",25.0,25.0,,45.0,25.0,+25%,,,,,,,,,,,,,,,,,,,,,,,,,,,,,,,,,,,,,,,,,,,,,
DianaBladeoftheMartyr,NETHERITE_SWORD,,"&b&lDiana, Blade of the Martyr","&b&oYou are their blade. You are their escape.

&9[Aishan]
&9[Melee, Sword]","DURABILITY:25
DAMAGE_ALL:95
DAMAGE_UNDEAD:15
DAMAGE_ARTHROPODS:15
SWEEPING_EDGE:25",15.0,15.0,,95.0,15.0,,,+10%,,,,,,,,,,,,,,,,,,,,,,,,,,,,,,,,,,,,,,,,,,,
Lifeblood,DIAMOND_HOE,,&b&lLifeblood,"&b&oSow the seeds of life forever

&9Grants regeneration

&9[Aishan]
&9[Melee, Sickle]","DURABILITY:25
DAMAGE_ALL:85
DAMAGE_UNDEAD:25
DAMAGE_ARTHROPODS:25",20.0,20.0,,85.0,,,,+10%,,,,,,,,,,,,,,,,,,,,,,,,,,,,,,,,,,,,,,,,,,,
BubblingMass,POPPED_CHORUS_FRUIT,0.0,&b&lStrange Bubbling Mass,"&b&o&kaojdwunu                 ansfcklmonfduaw
&b&o&kaojdwunfcklma          onfduawaa
&b&o&kaojdwunuansfcklmao  nfdaw
&b&o&kaojdwunuans3         cddgsdgcklmaonfduaw
&b&o&kaojdwunua             nsfcklmduaw

&9[Ender]
&9[Offhand, Trinket]",,,,,,,,,,42.0,45.0,+20%,44.0,43.0,+50%,,+20%,,,,,,,,,,,,,,,,,,,,,,,,,,,,,,,,,,,
LostAngelFeather,Feather,,&b&lLost Angel Feather,"&b&oFrom the wings of fools.

&9Grants slow falling and resistance

&9[Angelic]
&9[Offhand, Trinket]",,,,,,,,,,60.0,60.0,,,60.0,,,+25%,,,,,,,,,,,,,,,,,,,,,,,,,,,,,,,,,,,
BonesoftheLiving,NETHERITE_LEGGINGS,0.0,&b&lBones of the Living,"&b&oIt grows stronger for every fallen...

&9[Undead]
&9[Armor, Leggings]","PROTECTION_PROJECTILE:50
DURABILITY:30
PROTECTION_ENVIRONMENTAL:60",,,,,,,,,,,,,,,,,,,,,,,,,,,,,,,,,60.0,70.0,+10%,10.0,-20.0,,,+10%,,,,,,,,,,,
KarelliasShiningPlate,GOLDEN_CHESTPLATE,0.0,&b&lKarellia<&sq>s Shining Plate,"&b&oHer light is as forgiving as her mercy.

&9[Angelic]
&9[Armor, Chestplate]","PROTECTION_ENVIRONMENTAL:60
THORNS:75",,,,,,,,,,,,,,,,,60.0,60.0,,,30.0,,,,,,,,,,,,,,,,,,,,,,,,,,,,True,,
SightoftheBeyond,DIAMOND_HELMET,0.0,&b&lSight of the Beyond,"&b&oShow me what lies beyond the veil...

&9[Ender]
&9[Armor, Helmet]","PROTECTION_ENVIRONMENTAL:60
OXYGEN:5
WATER_WORKER:1",,,,,,,,,,,,,,,,,60.0,60.0,,30.0,,,,,,,,,,,,,,,,,,,,,,,,,,,,,True,,
FleshOftheLiving,phantom_membrane,,&b&lFlesh of the Living,"&b&oFresh off their corpse.

&9Grants saturation

&9[Undead]
&9[Offhand, Trinket]",,,,,,,,,,45.0,,+25%,45.0,-30.0,,,+25%,,,,,,,,,,,,,,,,,,,,,,,,,,,,,,,,,,,
HeavensHand,IRON_SWORD,,&b&lHeaven<&sq>s Hand,"&b&oTell me a quartz castle doesn<&sq>t
&b&osound nice to you.

&9[Angelic]
&9[Melee, Sword]
&9[Offhand, Trinket]","DURABILITY:25
DAMAGE_ALL:25
DAMAGE_UNDEAD:20
SWEEPING_EDGE:20",10.0,10.0,-75%,35.0,,,,,,,,,,,,,,,,,,,,,,,,,,,,,,,,,,,,,,,,,,,,,,,30.0
SwordinStoneReborn,GOLDEN_SWORD,,&b&lSword in the Stone Reborn,"&b&oCoveted by many.

&9[Undead]
&9[Melee, Sword]",DAMAGE_ALL:40,,,-25%,45.0,,,,+25%,,,,,,,,,,,,,,,,,,,,,,,,,,,,,,,,,,,,,,,,,True,,
TomeofEndlessKnowledge,Knowledge_Book,,&b&lTome of Endless Knowledge,"&b&oThe library in the Palace of Dreams was
&b&olocked for many years until Queen Lunalai
&b&obusted down its doors for good.

&9Can be consumed to add 25% of its stats to any item

&9[Aishan]
&9[Offhand, Trinket]",,,,,,,,,,50.0,50.0,+25%,30.0,,,,,,,,,,,,,,,,,,,,,,,,,,,,,,,,,,,,,,,
ArrivalatDawn,SHIELD,,&b&lArrival at Dawn,"&b&oSend them to their destiny...

&9[Angelic]
&9[Offhand, Shield]",,,,,,,,,,60.0,60.0,,,40.0,,,+15%,,,,,,,,,,,,,,,,,,,,,,,,,,,,,,,,,True,,
CrackedVoidStone,MAGENTA_DYE,,&b&lCracked Void Stone,"&b&o&k         owmeyourcock1
&b&o&k       afaqdfwaf412
&b&o&k      cklmfaokek
&b&o&k   dt2as
&b&o&khyfghao1

&9[Ender]
&9[Offhand, Trinket]",,,,,,,,,,50.0,50.0,,,,,,-10%,,,,,,,,,,,,,,,,,,,,,,,,,,,,,,,,,,,
BloomingSeeds,wheat_seeds,,&b&lBlooming Seeds,"&b&oThe blooming seeds are used to expand
&b&othe boundaries of Aisha.

&9[Aishan]
&9[Offhand, Trinket]",,,,,,,,,,38.0,38.0,+20%,38.0,38.0,+20%,,+20%,,,,,,,,,,,,,,,,,,,,,,,,,,,,,,,,,,,
LivingHate,Netherite_Sword,,&b&lLiving Hate,"&b&oAll shall burn in the fires of
&b&omy hatred.

&9[Nether]
&9[Melee, Sword]","DURABILITY:50
DAMAGE_ALL:110
FIRE_ASPECT:50
SWEEPING_EDGE:50",-30.0,-30.0,,110.0,,+30%,,,,,,125.0,-40.0,,,,,,,,,,,,,,,,,,,,,,,,,,,,,,,,,,,,,,
BreastPlateoftheWorld,DIAMOND_CHESTPLATE,0.0,&b&lBreastplate of the World,"&b&o""Tell me my queen, where does it end?""

&9[Aishan]
&9[Armor, Chestplate]","PROTECTION_FIRE:27
PROTECTION_PROJECTILE:27
DURABILITY:27
PROTECTION_ENVIRONMENTAL:27",,,,,,,,,,,,,,,,,,,,,,,,,27.0,27.0,+27%,,27.0,,,+27%,,,,,,,,,,,,,,,,,,,
GownofHeavensGrace,DIAMOND_LEGGINGS,0.0,&b&lGown of Heaven<&sq>s Grace,"&b&oAwarded to the most loyal of all
&b&oHeaven<&sq>s angels.

&9[Angelic]
&9[Armor, Leggings]","THORNS:20
PROTECTION_PROJECTILE:20
PROTECTION_ENVIRONMENTAL:40",,,,,,,,,,,,,,,,,,,,,,,,,,,,,,,,,50.0,50.0,,,30.0,,,+20%,,,,,,,,,True,,
CivilizationsEnd,Netherite_Sword,,&6&l&nCivilization<&sq>s End,"&6&oOnce it sees your world, it<&sq>s too late.

&9Grants resistance and jump boost

&9[Ender]
&9[Melee, Sword]","DAMAGE_ALL:90
DAMAGE_ARTHROPODS:20
DAMAGE_UNDEAD:20
SWEEPING_EDGE:40
DURABILITY:30",-20.0,-20.0,+15%,90.0,-20.0,,,+15%,,,,,,,,,,,,,,,,,,,,,,,,,,,,,,,,,,,,,,,,,,,
Razor,Shears,,&6&l&nRazor,"&6&oRake, rend, rive.

&9Enemies hit by &6Razor&9 are slowed,
&9lit on fire, bleed, poisoned, and are
&9blinded.

&9[Nether]
&9[Melee, Shears]","FIRE_ASPECT:45
DAMAGE_ALL:60
DAMAGE_UNDEAD:60
DAMAGE_ARTHROPODS:60",,,+30%,100.0,,,,,,,,,,,,,,,,,,,,,,,,,,,,,,,,,,,,,,,,,,,,,True,,
BladeoftheBasin,Wooden_sword,,&6&l&nBlade of the Basin,"&6&oThe color of the world is undeniable.

&9Show the world your colors

&9[Aishan]
&9[Melee, Sword]","DAMAGE_ALL:90
DAMAGE_ARTHROPODS:10
DAMAGE_UNDEAD:10
SWEEPING_EDGE:40",10.0,10.0,+15%,90.0,10.0,,,+15%,,,,,,,,,,,,,,,,,,,,,,,,,,,,,,,,,,,,,,,,,True,,
CrownofBurningRealm,Netherite_Helmet,,&6&l&nCrown of the Burning Realm,"&6&o""This used to be my home.""

&9Grants fire resistance
&9Enemies that strike you are lit on fire

&9[Nether]
&9[Armor, Helmet]","PROTECTION_FIRE:65
PROTECTION_ENVIRONMENTAL:65",,,,,,,,,,,,,,,,,65.0,65.0,,65.0,-20.0,,,,,,,,,,,,,,,,,,,,,,,,,,,,True,,
BootsoftheDream,Diamond_Boots,,&6&l&nBoots of the Dream,"&6&oThe Kingdom<&sq>s reflection shows more
&6&othan meets the eye.

&9Grants absorbtion

&9[Aishan]
&9[Armor, Boots]",PROTECTION_ENVIRONMENTAL:70,,,,,,,,,,,,,,,,,70.0,60.0,+10%,,,+25%,,+10%,,,,,,,,,,,,,,,,,,,,,,,,,True,,
HeartoftheArchangel,Red_Dye,,&6&l&nHeart of the Archangel,"&6&oFinally.

&9Grants jump boost, regeneration, and
&9damage resistance

&9[Angelic]
&9[Offhand, Trinket]",,,,,,,,,,30.0,30.0,+50%,,30.0,+100%,,+100%,,,,,,,,,,,,,,,,,,,,,,,,,,,,,,,,,,,
AshesofDefeat,gunpowder,,&6&l&nAshes of Defeat,"&6&o""They came through a giant glistening portal.
&6&oTheir forces were vast and powerful. Since then,
&6&oI have known nothing but the walls of this cell.
&6&oBut, one day I will be free of the Great Furnace.""
&6&o-Prisoner E102

&9Grants fire resistance

&9[Nether]
&9[Offhand, Trinket]","FIRE_ASPECT:100
KNOCKBACK:2",,,,,,,,,-35.0,,+25%,120.0,-35.0,+50%,,+25%,,,,,,,,,,,,,,,,,,,,,,,,,,,,,,,,,,,
TheThrone,DIAMOND_SWORD,,&6&l&nThe Throne,"&6&o""You will rule over your kingdom of ruin.""
&6&o-Archangel Karellia

&9[Angelic]
&9[Melee, Sword]
&9[Offhand, Trinket]","DURABILITY:25
MENDING:1
DAMAGE_ALL:90
DAMAGE_UNDEAD:50
DAMAGE_ARTHROPODS:50
SWEEPING_EDGE:50",45.0,45.0,-50%,90.0,,,,+20%,,,,,40.0,,,,,,,,,,,,,,,,,,,,,,,,,,,,,,,,,,,,,,
WaveofDeath,IRON_SWORD,,&6&l&nWave of Death,"&6&oI will show you the true power of death.

&9Causes enemies to bleed

&9[Undead]
&9[Melee, Sword]","DURABILITY:50
DAMAGE_ALL:100
SWEEPING_EDGE:50",40.0,40.0,,100.0,,,,-20%,,,,,,,,,,,,,,,,,,,,,,,,,,,,,,,,,,,,,,,,,,,
Torture,NETHERITE_AXE,,"&6&l&nTorture, the Will Breaker","&6&oIf you will not obey, you will suffer.

&9Enemies hit by &6Torture&9 are weakened

&9[Nether]
&9[Melee, Axe]","DURABILITY:30
KNOCKBACK:1
DAMAGE_ALL:110
FIRE_ASPECT:50",,,+25%,110.0,-30.0,,,+25%,,,,,,,,,,,,,,,,,,,,,,,,,,,,,,,,,,,,,,,,,,,
AgonyUnrelentingAnguish,NETHERITE_SWORD,,"&6&l&nAgony, the Unrelenting Anguish","&6&oAll those who touch Agony perish soon after.

&9Enemies hit by &6Agony&9 are slowed
&9Provides regeneration

&9[Nether]
&9[Melee, Sword]","DURABILITY:30
DAMAGE_ALL:80
SWEEPING_EDGE:50
FIRE_ASPECT:30",,,+25%,80.0,,,,+25%,,,,,,,,,,,,,,,,,,,,,,,,,,,,,,,,,,,,,,,,,,,
EyeoftheAllSeeing,ender_eye,,&6&l&nEye of the All-Seeing,"&6&o&k        meyourco2
&6&o&k     aowmeyourcock
&6&o&k   afaqdf       waf412
&6&o&k fkdmfa           2ddkef
&6&o&k cflmda           2dodek
&6&o&k ckdmfa           fddkek
&6&o&k   dt2asa       adw1sf
&6&o&k     ahyfghaod1231
&6&o&k        meyourco3

&9[Ender]
&9[Offhand, Trinket]",,,,,,,,,,-30.0,-30.0,+25%,100.0,,,,+10%,,,,,,,,,,,,,,,,,,,,,,,,,,,,,,,,,,,
Damocles,NETHERITE_SWORD,,&6&l&nDamocles,"&6&oA king<&sq>s fortune... but at what cost?

&9One day &6Damocles&9 will break and
&9cause you misfortune...
&6Damocles&9 cannot be combined.

&9[Ender]
&9[Melee, Sword]","DAMAGE_ALL:120
DAMAGE_UNDEAD:50
DAMAGE_ARTHROPODS:50
SWEEPING_EDGE:50",45.0,45.0,-25%,120.0,,,,+10%,,,,,,,,,,,,,,,,,,,,,,,,,,,,,,,,,,,,,,,,,True,,
CaspersTourmaline,Lapis_lazuli,,&6&l&nCasper<&sq>s Tourmaline,"&6&oAs you peer into the gemstone, your eyes
&6&ocatch a glimpse of something brilliant
&6&oshinning in the center.

&9Can be consumed to make any transaction
&9completely free. Ian must be present.

&9[Special]",,,,,,,,,,,,,,,,,,,,,,,,,,,,,,,,,,,,,,,,,,,,,,,,,,,,
LunalaisVengeance,DIAMOND_LEGGINGS,,&6&l&nLunalai<&sq>s Vengeance,"&6&o""I<&sq>m taking you with me.""
&6&o-Queen Lunalai

&9[Aishan]
&9[Armor, Leggings]","PROTECTION_ENVIRONMENTAL:65
PROTECTION_PROJECTILE:65
PROTECTION_FIRE:65
THORNS:100",60.0,60.0,+20%,,,,,+20%,,,,,,,,,,,,,,,,,,,,,,,,,,,,,,,,,,,,,,,,,True,,
ChestplateofRibs,NETHERITE_CHESTPLATE,,&6&l&nChestplate of Ribs,"&6&oIt is made out of the villagers
&6&othat never made it out of Estelle.

&9Keeps you fed

&9[Undead]
&9[Armor, Chestplate]","PROTECTION_PROJECTILE:30
PROTECTION_ENVIRONMENTAL:65",,,,,,,,,,,,,,,,,,,,,,,,,65.0,65.0,-25%,40.0,30.0,,,-25%,,,,,,,,,,,,,,,,,True,,
Knockbackstick,WOODEN_SHOVEL,0.0,&d&l&nSlapper,,KNOCKBACK:5,,,1,,,,,,,,,,,,,,,,,,,,,,,,,,,,,,,,,,,,,,,,,,,,,,True,,
Knockbackred,LEATHER_CHESTPLATE,,&d&l&nTeam Red,,,,,,,,,,,,,,,,,,,,,,,,,,,,,,,,,,,,,,,,,,,,,,,,,,,True,"250,10,10",
Knockbackblue,LEATHER_CHESTPLATE,,&d&l&nTeam Blue,,,,,,,,,,,,,,,,,,,,,,,,,,,,,,,,,,,,,,,,,,,,,,,,,,,True,"10,10,250",
Knockbackyellow,LEATHER_CHESTPLATE,,&d&l&nTeam Yellow,,,,,,,,,,,,,,,,,,,,,,,,,,,,,,,,,,,,,,,,,,,,,,,,,,,True,"250,250,10",
Knockbackgreen,LEATHER_CHESTPLATE,,&d&l&nTeam Green,,,,,,,,,,,,,,,,,,,,,,,,,,,,,,,,,,,,,,,,,,,,,,,,,,,True,"10,250,10",
Knockbackorange,LEATHER_CHESTPLATE,,&d&l&nTeam Orange,,,,,,,,,,,,,,,,,,,,,,,,,,,,,,,,,,,,,,,,,,,,,,,,,,,True,"255,110,10",
Knockbackpurple,LEATHER_CHESTPLATE,,&d&l&nTeam Purple,,,,,,,,,,,,,,,,,,,,,,,,,,,,,,,,,,,,,,,,,,,,,,,,,,,True,"100,10,170",
Knockbackpink,LEATHER_CHESTPLATE,,&d&l&nTeam Pink,,,,,,,,,,,,,,,,,,,,,,,,,,,,,,,,,,,,,,,,,,,,,,,,,,,True,"250,100,250",
Knockbackblack,LEATHER_CHESTPLATE,,&d&l&nTeam Black,,,,,,,,,,,,,,,,,,,,,,,,,,,,,,,,,,,,,,,,,,,,,,,,,,,True,"10,10,10",
CalamityChest,LEATHER_CHESTPLATE,,&d&l&nTeam Red,,,,,,,,,,,,,,,,,,,,,,,,,,,,,,,,,,,,,,,,,,,,,,,,,,,True,"250,10,10",
CalamityLegs,LEATHER_Leggings,,&d&l&nTeam Red,,,,,,,,,,,,,,,,,,,,,,,,,,,,,,,,,,,,,,,,,,,,,,,,,,,True,"250,10,10",
CalamityBoots,LEATHER_Boots,,&d&l&nTeam Red,,,,,,,,,,,,,,,,,,,,,,,,,,,,,,,,,,,,,,,,,,,,,,,,,,,True,"250,10,10",
